paper_id,axis,value
2,loop_mechanism,verification_and_gating
2,contribution_type,tool
2,research_type,validation_research
2,evaluation_strategy,controlled_experiment
2,human_role,human_in_the_loop
2,venue_type,preprint
3,loop_mechanism,multi_agent_coordination
3,contribution_type,tool
3,research_type,validation_research
3,evaluation_strategy,controlled_experiment
3,human_role,fully_autonomous
3,venue_type,preprint
14,loop_mechanism,self_evolution
14,contribution_type,method
14,research_type,validation_research
14,evaluation_strategy,benchmark
14,human_role,fully_autonomous
14,venue_type,preprint
61,loop_mechanism,planning_and_control_flow
61,contribution_type,method
61,research_type,validation_research
61,evaluation_strategy,benchmark
61,human_role,human_in_the_loop
61,venue_type,preprint
77,loop_mechanism,loop_evaluation_and_diagnosis
77,contribution_type,metric
77,research_type,validation_research
77,evaluation_strategy,controlled_experiment
77,human_role,fully_autonomous
77,venue_type,preprint
90,loop_mechanism,memory_and_context_management
90,contribution_type,model
90,research_type,validation_research
90,evaluation_strategy,controlled_experiment
90,human_role,not_specified
90,venue_type,preprint
116,loop_mechanism,multi_agent_coordination
116,contribution_type,model
116,research_type,validation_research
116,evaluation_strategy,controlled_experiment
116,human_role,fully_autonomous
116,venue_type,preprint
156,loop_mechanism,budget_and_termination_control
156,contribution_type,tool
156,research_type,validation_research
156,evaluation_strategy,case_study
156,human_role,not_specified
156,venue_type,preprint
215,loop_mechanism,verification_and_gating
215,contribution_type,tool
215,research_type,validation_research
215,evaluation_strategy,benchmark
215,human_role,not_specified
215,venue_type,preprint
221,loop_mechanism,verification_and_gating
221,contribution_type,process
221,research_type,solution_proposal
221,evaluation_strategy,none
221,human_role,human_on_the_loop
221,venue_type,preprint
225,loop_mechanism,planning_and_control_flow
225,contribution_type,tool
225,research_type,validation_research
225,evaluation_strategy,benchmark
225,human_role,fully_autonomous
225,venue_type,conference
234,loop_mechanism,planning_and_control_flow
234,contribution_type,model
234,research_type,philosophical_paper
234,evaluation_strategy,none
234,human_role,not_specified
234,venue_type,journal
236,loop_mechanism,critique_and_revision
236,contribution_type,method
236,research_type,validation_research
236,evaluation_strategy,benchmark
236,human_role,fully_autonomous
236,venue_type,preprint
237,loop_mechanism,loop_evaluation_and_diagnosis
237,contribution_type,tool
237,research_type,validation_research
237,evaluation_strategy,benchmark
237,human_role,fully_autonomous
237,venue_type,preprint
255,loop_mechanism,critique_and_revision
255,contribution_type,tool
255,research_type,validation_research
255,evaluation_strategy,benchmark
255,human_role,fully_autonomous
255,venue_type,journal
262,loop_mechanism,loop_evaluation_and_diagnosis
262,contribution_type,model
262,research_type,evaluation_research
262,evaluation_strategy,case_study
262,human_role,not_specified
262,venue_type,preprint
263,loop_mechanism,multi_agent_coordination
263,contribution_type,model
263,research_type,validation_research
263,evaluation_strategy,benchmark
263,human_role,fully_autonomous
263,venue_type,preprint
265,loop_mechanism,loop_evaluation_and_diagnosis
265,contribution_type,metric
265,research_type,validation_research
265,evaluation_strategy,benchmark
265,human_role,fully_autonomous
265,venue_type,preprint
268,loop_mechanism,loop_evaluation_and_diagnosis
268,contribution_type,metric
268,research_type,validation_research
268,evaluation_strategy,controlled_experiment
268,human_role,fully_autonomous
268,venue_type,preprint
271,loop_mechanism,verification_and_gating
271,contribution_type,model
271,research_type,validation_research
271,evaluation_strategy,case_study
271,human_role,fully_autonomous
271,venue_type,preprint
272,loop_mechanism,budget_and_termination_control
272,contribution_type,method
272,research_type,validation_research
272,evaluation_strategy,controlled_experiment
272,human_role,fully_autonomous
272,venue_type,preprint
274,loop_mechanism,verification_and_gating
274,contribution_type,model
274,research_type,validation_research
274,evaluation_strategy,controlled_experiment
274,human_role,not_specified
274,venue_type,preprint
279,loop_mechanism,planning_and_control_flow
279,contribution_type,model
279,research_type,validation_research
279,evaluation_strategy,controlled_experiment
279,human_role,human_in_the_loop
279,venue_type,preprint
281,loop_mechanism,loop_evaluation_and_diagnosis
281,contribution_type,metric
281,research_type,validation_research
281,evaluation_strategy,controlled_experiment
281,human_role,fully_autonomous
281,venue_type,preprint
284,loop_mechanism,critique_and_revision
284,contribution_type,method
284,research_type,validation_research
284,evaluation_strategy,controlled_experiment
284,human_role,fully_autonomous
284,venue_type,preprint
285,loop_mechanism,verification_and_gating
285,contribution_type,method
285,research_type,validation_research
285,evaluation_strategy,controlled_experiment
285,human_role,fully_autonomous
285,venue_type,preprint
294,loop_mechanism,planning_and_control_flow
294,contribution_type,model
294,research_type,solution_proposal
294,evaluation_strategy,none
294,human_role,not_specified
294,venue_type,preprint
301,loop_mechanism,verification_and_gating
301,contribution_type,model
301,research_type,solution_proposal
301,evaluation_strategy,illustrative_example
301,human_role,fully_autonomous
301,venue_type,preprint
304,loop_mechanism,verification_and_gating
304,contribution_type,model
304,research_type,validation_research
304,evaluation_strategy,benchmark
304,human_role,fully_autonomous
304,venue_type,preprint
305,loop_mechanism,memory_and_context_management
305,contribution_type,tool
305,research_type,validation_research
305,evaluation_strategy,benchmark
305,human_role,fully_autonomous
305,venue_type,preprint
311,loop_mechanism,budget_and_termination_control
311,contribution_type,method
311,research_type,validation_research
311,evaluation_strategy,controlled_experiment
311,human_role,fully_autonomous
311,venue_type,preprint
312,loop_mechanism,loop_evaluation_and_diagnosis
312,contribution_type,metric
312,research_type,validation_research
312,evaluation_strategy,benchmark
312,human_role,fully_autonomous
312,venue_type,preprint
313,loop_mechanism,budget_and_termination_control
313,contribution_type,method
313,research_type,validation_research
313,evaluation_strategy,controlled_experiment
313,human_role,fully_autonomous
313,venue_type,preprint
321,loop_mechanism,memory_and_context_management
321,contribution_type,tool
321,research_type,validation_research
321,evaluation_strategy,benchmark
321,human_role,fully_autonomous
321,venue_type,preprint
324,loop_mechanism,critique_and_revision
324,contribution_type,method
324,research_type,validation_research
324,evaluation_strategy,controlled_experiment
324,human_role,fully_autonomous
324,venue_type,preprint
328,loop_mechanism,deliberative_search
328,contribution_type,method
328,research_type,validation_research
328,evaluation_strategy,benchmark
328,human_role,fully_autonomous
328,venue_type,preprint
333,loop_mechanism,self_evolution
333,contribution_type,method
333,research_type,validation_research
333,evaluation_strategy,benchmark
333,human_role,fully_autonomous
333,venue_type,preprint
334,loop_mechanism,loop_evaluation_and_diagnosis
334,contribution_type,metric
334,research_type,validation_research
334,evaluation_strategy,controlled_experiment
334,human_role,fully_autonomous
334,venue_type,preprint
335,loop_mechanism,verification_and_gating
335,contribution_type,method
335,research_type,validation_research
335,evaluation_strategy,ablation
335,human_role,fully_autonomous
335,venue_type,preprint
337,loop_mechanism,memory_and_context_management
337,contribution_type,model
337,research_type,validation_research
337,evaluation_strategy,benchmark
337,human_role,fully_autonomous
337,venue_type,preprint
339,loop_mechanism,multi_agent_coordination
339,contribution_type,model
339,research_type,solution_proposal
339,evaluation_strategy,illustrative_example
339,human_role,not_specified
339,venue_type,preprint
341,loop_mechanism,verification_and_gating
341,contribution_type,metric
341,research_type,validation_research
341,evaluation_strategy,controlled_experiment
341,human_role,fully_autonomous
341,venue_type,preprint
343,loop_mechanism,critique_and_revision
343,contribution_type,method
343,research_type,validation_research
343,evaluation_strategy,benchmark
343,human_role,fully_autonomous
343,venue_type,preprint
346,loop_mechanism,budget_and_termination_control
346,contribution_type,method
346,research_type,solution_proposal
346,evaluation_strategy,none
346,human_role,not_specified
346,venue_type,preprint
348,loop_mechanism,budget_and_termination_control
348,contribution_type,model
348,research_type,validation_research
348,evaluation_strategy,controlled_experiment
348,human_role,fully_autonomous
348,venue_type,preprint
369,loop_mechanism,verification_and_gating
369,contribution_type,process
369,research_type,solution_proposal
369,evaluation_strategy,illustrative_example
369,human_role,not_specified
369,venue_type,preprint
370,loop_mechanism,planning_and_control_flow
370,contribution_type,metric
370,research_type,validation_research
370,evaluation_strategy,controlled_experiment
370,human_role,fully_autonomous
370,venue_type,preprint
401,loop_mechanism,multi_agent_coordination
401,contribution_type,method
401,research_type,validation_research
401,evaluation_strategy,benchmark
401,human_role,fully_autonomous
401,venue_type,preprint
422,loop_mechanism,multi_agent_coordination
422,contribution_type,tool
422,research_type,solution_proposal
422,evaluation_strategy,illustrative_example
422,human_role,fully_autonomous
422,venue_type,preprint
426,loop_mechanism,multi_agent_coordination
426,contribution_type,process
426,research_type,validation_research
426,evaluation_strategy,controlled_experiment
426,human_role,fully_autonomous
426,venue_type,preprint
427,loop_mechanism,memory_and_context_management
427,contribution_type,method
427,research_type,validation_research
427,evaluation_strategy,controlled_experiment
427,human_role,fully_autonomous
427,venue_type,preprint
430,loop_mechanism,verification_and_gating
430,contribution_type,method
430,research_type,validation_research
430,evaluation_strategy,benchmark
430,human_role,human_in_the_loop
430,venue_type,preprint
441,loop_mechanism,loop_evaluation_and_diagnosis
441,contribution_type,tool
441,research_type,validation_research
441,evaluation_strategy,controlled_experiment
441,human_role,not_specified
441,venue_type,preprint
442,loop_mechanism,budget_and_termination_control
442,contribution_type,method
442,research_type,evaluation_research
442,evaluation_strategy,case_study
442,human_role,not_specified
442,venue_type,preprint
454,loop_mechanism,budget_and_termination_control
454,contribution_type,tool
454,research_type,validation_research
454,evaluation_strategy,controlled_experiment
454,human_role,fully_autonomous
454,venue_type,preprint
457,loop_mechanism,multi_agent_coordination
457,contribution_type,method
457,research_type,validation_research
457,evaluation_strategy,controlled_experiment
457,human_role,fully_autonomous
457,venue_type,preprint
467,loop_mechanism,multi_agent_coordination
467,contribution_type,method
467,research_type,validation_research
467,evaluation_strategy,benchmark
467,human_role,fully_autonomous
467,venue_type,preprint
470,loop_mechanism,multi_agent_coordination
470,contribution_type,tool
470,research_type,validation_research
470,evaluation_strategy,controlled_experiment
470,human_role,fully_autonomous
470,venue_type,preprint
472,loop_mechanism,verification_and_gating
472,contribution_type,method
472,research_type,validation_research
472,evaluation_strategy,controlled_experiment
472,human_role,fully_autonomous
472,venue_type,preprint
479,loop_mechanism,verification_and_gating
479,contribution_type,model
479,research_type,validation_research
479,evaluation_strategy,controlled_experiment
479,human_role,human_in_the_loop
479,venue_type,preprint
482,loop_mechanism,verification_and_gating
482,contribution_type,method
482,research_type,validation_research
482,evaluation_strategy,controlled_experiment
482,human_role,fully_autonomous
482,venue_type,preprint
492,loop_mechanism,memory_and_context_management
492,contribution_type,method
492,research_type,validation_research
492,evaluation_strategy,benchmark
492,human_role,fully_autonomous
492,venue_type,preprint
509,loop_mechanism,verification_and_gating
509,contribution_type,model
509,research_type,solution_proposal
509,evaluation_strategy,none
509,human_role,not_specified
509,venue_type,preprint
512,loop_mechanism,critique_and_revision
512,contribution_type,model
512,research_type,validation_research
512,evaluation_strategy,controlled_experiment
512,human_role,human_in_the_loop
512,venue_type,preprint
517,loop_mechanism,memory_and_context_management
517,contribution_type,tool
517,research_type,validation_research
517,evaluation_strategy,controlled_experiment
517,human_role,fully_autonomous
517,venue_type,preprint
518,loop_mechanism,self_evolution
518,contribution_type,tool
518,research_type,validation_research
518,evaluation_strategy,ablation
518,human_role,fully_autonomous
518,venue_type,preprint
522,loop_mechanism,loop_evaluation_and_diagnosis
522,contribution_type,model
522,research_type,philosophical_paper
522,evaluation_strategy,controlled_experiment
522,human_role,not_specified
522,venue_type,preprint
523,loop_mechanism,deliberative_search
523,contribution_type,method
523,research_type,validation_research
523,evaluation_strategy,case_study
523,human_role,fully_autonomous
523,venue_type,preprint
542,loop_mechanism,self_evolution
542,contribution_type,method
542,research_type,validation_research
542,evaluation_strategy,benchmark
542,human_role,fully_autonomous
542,venue_type,preprint
561,loop_mechanism,self_evolution
561,contribution_type,process
561,research_type,evaluation_research
561,evaluation_strategy,case_study
561,human_role,not_specified
561,venue_type,conference
566,loop_mechanism,verification_and_gating
566,contribution_type,model
566,research_type,validation_research
566,evaluation_strategy,controlled_experiment
566,human_role,fully_autonomous
566,venue_type,preprint
567,loop_mechanism,planning_and_control_flow
567,contribution_type,model
567,research_type,solution_proposal
567,evaluation_strategy,illustrative_example
567,human_role,not_specified
567,venue_type,preprint
571,loop_mechanism,multi_agent_coordination
571,contribution_type,model
571,research_type,validation_research
571,evaluation_strategy,controlled_experiment
571,human_role,fully_autonomous
571,venue_type,preprint
578,loop_mechanism,self_evolution
578,contribution_type,model
578,research_type,validation_research
578,evaluation_strategy,illustrative_example
578,human_role,fully_autonomous
578,venue_type,preprint
581,loop_mechanism,planning_and_control_flow
581,contribution_type,method
581,research_type,validation_research
581,evaluation_strategy,benchmark
581,human_role,fully_autonomous
581,venue_type,preprint
590,loop_mechanism,memory_and_context_management
590,contribution_type,model
590,research_type,validation_research
590,evaluation_strategy,ablation
590,human_role,human_on_the_loop
590,venue_type,preprint
595,loop_mechanism,planning_and_control_flow
595,contribution_type,model
595,research_type,validation_research
595,evaluation_strategy,case_study
595,human_role,fully_autonomous
595,venue_type,conference
597,loop_mechanism,memory_and_context_management
597,contribution_type,model
597,research_type,opinion_paper
597,evaluation_strategy,none
597,human_role,not_specified
597,venue_type,preprint
602,loop_mechanism,loop_evaluation_and_diagnosis
602,contribution_type,tool
602,research_type,validation_research
602,evaluation_strategy,benchmark
602,human_role,fully_autonomous
602,venue_type,journal
608,loop_mechanism,planning_and_control_flow
608,contribution_type,model
608,research_type,validation_research
608,evaluation_strategy,controlled_experiment
608,human_role,human_in_the_loop
608,venue_type,preprint
615,loop_mechanism,verification_and_gating
615,contribution_type,model
615,research_type,validation_research
615,evaluation_strategy,benchmark
615,human_role,fully_autonomous
615,venue_type,journal
620,loop_mechanism,verification_and_gating
620,contribution_type,tool
620,research_type,validation_research
620,evaluation_strategy,benchmark
620,human_role,fully_autonomous
620,venue_type,preprint
637,loop_mechanism,self_evolution
637,contribution_type,model
637,research_type,philosophical_paper
637,evaluation_strategy,none
637,human_role,human_on_the_loop
637,venue_type,preprint
639,loop_mechanism,memory_and_context_management
639,contribution_type,method
639,research_type,validation_research
639,evaluation_strategy,controlled_experiment
639,human_role,fully_autonomous
639,venue_type,preprint
660,loop_mechanism,verification_and_gating
660,contribution_type,model
660,research_type,validation_research
660,evaluation_strategy,benchmark
660,human_role,human_in_the_loop
660,venue_type,preprint
666,loop_mechanism,planning_and_control_flow
666,contribution_type,process
666,research_type,solution_proposal
666,evaluation_strategy,illustrative_example
666,human_role,not_specified
666,venue_type,preprint
690,loop_mechanism,planning_and_control_flow
690,contribution_type,tool
690,research_type,validation_research
690,evaluation_strategy,case_study
690,human_role,human_in_the_loop
690,venue_type,journal
691,loop_mechanism,critique_and_revision
691,contribution_type,tool
691,research_type,validation_research
691,evaluation_strategy,benchmark
691,human_role,fully_autonomous
691,venue_type,journal
709,loop_mechanism,memory_and_context_management
709,contribution_type,method
709,research_type,validation_research
709,evaluation_strategy,benchmark
709,human_role,fully_autonomous
709,venue_type,conference
714,loop_mechanism,loop_evaluation_and_diagnosis
714,contribution_type,process
714,research_type,solution_proposal
714,evaluation_strategy,none
714,human_role,human_on_the_loop
714,venue_type,preprint
743,loop_mechanism,planning_and_control_flow
743,contribution_type,method
743,research_type,validation_research
743,evaluation_strategy,benchmark
743,human_role,fully_autonomous
743,venue_type,preprint
752,loop_mechanism,planning_and_control_flow
752,contribution_type,method
752,research_type,validation_research
752,evaluation_strategy,controlled_experiment
752,human_role,fully_autonomous
752,venue_type,preprint
797,loop_mechanism,critique_and_revision
797,contribution_type,method
797,research_type,validation_research
797,evaluation_strategy,benchmark
797,human_role,fully_autonomous
797,venue_type,preprint
825,loop_mechanism,self_evolution
825,contribution_type,method
825,research_type,validation_research
825,evaluation_strategy,benchmark
825,human_role,fully_autonomous
825,venue_type,preprint
826,loop_mechanism,verification_and_gating
826,contribution_type,method
826,research_type,validation_research
826,evaluation_strategy,controlled_experiment
826,human_role,fully_autonomous
826,venue_type,preprint
851,loop_mechanism,verification_and_gating
851,contribution_type,method
851,research_type,validation_research
851,evaluation_strategy,benchmark
851,human_role,fully_autonomous
851,venue_type,preprint
859,loop_mechanism,multi_agent_coordination
859,contribution_type,method
859,research_type,validation_research
859,evaluation_strategy,benchmark
859,human_role,fully_autonomous
859,venue_type,preprint
865,loop_mechanism,self_evolution
865,contribution_type,method
865,research_type,validation_research
865,evaluation_strategy,controlled_experiment
865,human_role,not_specified
865,venue_type,preprint
872,loop_mechanism,planning_and_control_flow
872,contribution_type,method
872,research_type,validation_research
872,evaluation_strategy,benchmark
872,human_role,fully_autonomous
872,venue_type,preprint
879,loop_mechanism,verification_and_gating
879,contribution_type,method
879,research_type,validation_research
879,evaluation_strategy,benchmark
879,human_role,fully_autonomous
879,venue_type,preprint
901,loop_mechanism,planning_and_control_flow
901,contribution_type,tool
901,research_type,solution_proposal
901,evaluation_strategy,illustrative_example
901,human_role,not_specified
901,venue_type,preprint
903,loop_mechanism,loop_evaluation_and_diagnosis
903,contribution_type,process
903,research_type,evaluation_research
903,evaluation_strategy,case_study
903,human_role,not_specified
903,venue_type,preprint
908,loop_mechanism,deliberative_search
908,contribution_type,method
908,research_type,validation_research
908,evaluation_strategy,benchmark
908,human_role,fully_autonomous
908,venue_type,preprint
913,loop_mechanism,loop_evaluation_and_diagnosis
913,contribution_type,tool
913,research_type,validation_research
913,evaluation_strategy,benchmark
913,human_role,human_on_the_loop
913,venue_type,preprint
915,loop_mechanism,self_evolution
915,contribution_type,tool
915,research_type,solution_proposal
915,evaluation_strategy,none
915,human_role,not_specified
915,venue_type,preprint
930,loop_mechanism,memory_and_context_management
930,contribution_type,method
930,research_type,validation_research
930,evaluation_strategy,benchmark
930,human_role,fully_autonomous
930,venue_type,preprint
938,loop_mechanism,multi_agent_coordination
938,contribution_type,tool
938,research_type,validation_research
938,evaluation_strategy,benchmark
938,human_role,not_specified
938,venue_type,preprint
950,loop_mechanism,critique_and_revision
950,contribution_type,method
950,research_type,validation_research
950,evaluation_strategy,benchmark
950,human_role,fully_autonomous
950,venue_type,preprint
971,loop_mechanism,verification_and_gating
971,contribution_type,method
971,research_type,validation_research
971,evaluation_strategy,controlled_experiment
971,human_role,human_in_the_loop
971,venue_type,preprint
973,loop_mechanism,loop_evaluation_and_diagnosis
973,contribution_type,tool
973,research_type,validation_research
973,evaluation_strategy,benchmark
973,human_role,fully_autonomous
973,venue_type,preprint
975,loop_mechanism,critique_and_revision
975,contribution_type,method
975,research_type,validation_research
975,evaluation_strategy,controlled_experiment
975,human_role,fully_autonomous
975,venue_type,preprint
978,loop_mechanism,deliberative_search
978,contribution_type,method
978,research_type,validation_research
978,evaluation_strategy,benchmark
978,human_role,fully_autonomous
978,venue_type,preprint
988,loop_mechanism,multi_agent_coordination
988,contribution_type,method
988,research_type,validation_research
988,evaluation_strategy,benchmark
988,human_role,fully_autonomous
988,venue_type,preprint
1004,loop_mechanism,memory_and_context_management
1004,contribution_type,method
1004,research_type,validation_research
1004,evaluation_strategy,benchmark
1004,human_role,fully_autonomous
1004,venue_type,preprint
1021,loop_mechanism,planning_and_control_flow
1021,contribution_type,method
1021,research_type,validation_research
1021,evaluation_strategy,controlled_experiment
1021,human_role,fully_autonomous
1021,venue_type,preprint
1022,loop_mechanism,multi_agent_coordination
1022,contribution_type,method
1022,research_type,validation_research
1022,evaluation_strategy,benchmark
1022,human_role,fully_autonomous
1022,venue_type,preprint
1038,loop_mechanism,verification_and_gating
1038,contribution_type,tool
1038,research_type,validation_research
1038,evaluation_strategy,case_study
1038,human_role,human_on_the_loop
1038,venue_type,preprint
1040,loop_mechanism,planning_and_control_flow
1040,contribution_type,method
1040,research_type,validation_research
1040,evaluation_strategy,benchmark
1040,human_role,not_specified
1040,venue_type,preprint
1043,loop_mechanism,verification_and_gating
1043,contribution_type,method
1043,research_type,validation_research
1043,evaluation_strategy,controlled_experiment
1043,human_role,fully_autonomous
1043,venue_type,preprint
1044,loop_mechanism,deliberative_search
1044,contribution_type,method
1044,research_type,validation_research
1044,evaluation_strategy,benchmark
1044,human_role,human_on_the_loop
1044,venue_type,preprint
1048,loop_mechanism,planning_and_control_flow
1048,contribution_type,method
1048,research_type,validation_research
1048,evaluation_strategy,benchmark
1048,human_role,fully_autonomous
1048,venue_type,preprint
1054,loop_mechanism,planning_and_control_flow
1054,contribution_type,method
1054,research_type,validation_research
1054,evaluation_strategy,benchmark
1054,human_role,fully_autonomous
1054,venue_type,preprint
1058,loop_mechanism,multi_agent_coordination
1058,contribution_type,method
1058,research_type,validation_research
1058,evaluation_strategy,benchmark
1058,human_role,fully_autonomous
1058,venue_type,journal
1061,loop_mechanism,verification_and_gating
1061,contribution_type,method
1061,research_type,validation_research
1061,evaluation_strategy,benchmark
1061,human_role,human_in_the_loop
1061,venue_type,preprint
1067,loop_mechanism,self_evolution
1067,contribution_type,method
1067,research_type,validation_research
1067,evaluation_strategy,benchmark
1067,human_role,fully_autonomous
1067,venue_type,preprint
1070,loop_mechanism,multi_agent_coordination
1070,contribution_type,tool
1070,research_type,validation_research
1070,evaluation_strategy,controlled_experiment
1070,human_role,fully_autonomous
1070,venue_type,preprint
1077,loop_mechanism,deliberative_search
1077,contribution_type,method
1077,research_type,validation_research
1077,evaluation_strategy,controlled_experiment
1077,human_role,fully_autonomous
1077,venue_type,preprint
1082,loop_mechanism,deliberative_search
1082,contribution_type,method
1082,research_type,solution_proposal
1082,evaluation_strategy,none
1082,human_role,not_specified
1082,venue_type,preprint
1101,loop_mechanism,multi_agent_coordination
1101,contribution_type,model
1101,research_type,validation_research
1101,evaluation_strategy,controlled_experiment
1101,human_role,fully_autonomous
1101,venue_type,journal
1103,loop_mechanism,planning_and_control_flow
1103,contribution_type,method
1103,research_type,validation_research
1103,evaluation_strategy,benchmark
1103,human_role,fully_autonomous
1103,venue_type,preprint
1113,loop_mechanism,deliberative_search
1113,contribution_type,method
1113,research_type,validation_research
1113,evaluation_strategy,benchmark
1113,human_role,fully_autonomous
1113,venue_type,preprint
1116,loop_mechanism,memory_and_context_management
1116,contribution_type,method
1116,research_type,validation_research
1116,evaluation_strategy,benchmark
1116,human_role,fully_autonomous
1116,venue_type,preprint
1126,loop_mechanism,budget_and_termination_control
1126,contribution_type,method
1126,research_type,validation_research
1126,evaluation_strategy,benchmark
1126,human_role,fully_autonomous
1126,venue_type,conference
1182,loop_mechanism,self_evolution
1182,contribution_type,method
1182,research_type,validation_research
1182,evaluation_strategy,benchmark
1182,human_role,fully_autonomous
1182,venue_type,preprint
1203,loop_mechanism,critique_and_revision
1203,contribution_type,method
1203,research_type,validation_research
1203,evaluation_strategy,benchmark
1203,human_role,fully_autonomous
1203,venue_type,preprint
1241,loop_mechanism,critique_and_revision
1241,contribution_type,method
1241,research_type,validation_research
1241,evaluation_strategy,benchmark
1241,human_role,fully_autonomous
1241,venue_type,preprint
1257,loop_mechanism,verification_and_gating
1257,contribution_type,method
1257,research_type,validation_research
1257,evaluation_strategy,benchmark
1257,human_role,fully_autonomous
1257,venue_type,preprint
1273,loop_mechanism,critique_and_revision
1273,contribution_type,method
1273,research_type,validation_research
1273,evaluation_strategy,benchmark
1273,human_role,fully_autonomous
1273,venue_type,preprint
1283,loop_mechanism,critique_and_revision
1283,contribution_type,method
1283,research_type,validation_research
1283,evaluation_strategy,benchmark
1283,human_role,fully_autonomous
1283,venue_type,preprint
1319,loop_mechanism,critique_and_revision
1319,contribution_type,method
1319,research_type,validation_research
1319,evaluation_strategy,controlled_experiment
1319,human_role,fully_autonomous
1319,venue_type,preprint
1331,loop_mechanism,critique_and_revision
1331,contribution_type,method
1331,research_type,validation_research
1331,evaluation_strategy,benchmark
1331,human_role,fully_autonomous
1331,venue_type,preprint
1341,loop_mechanism,multi_agent_coordination
1341,contribution_type,method
1341,research_type,validation_research
1341,evaluation_strategy,benchmark
1341,human_role,fully_autonomous
1341,venue_type,conference
1343,loop_mechanism,critique_and_revision
1343,contribution_type,method
1343,research_type,validation_research
1343,evaluation_strategy,benchmark
1343,human_role,fully_autonomous
1343,venue_type,conference
1346,loop_mechanism,critique_and_revision
1346,contribution_type,method
1346,research_type,validation_research
1346,evaluation_strategy,human_study
1346,human_role,human_in_the_loop
1346,venue_type,preprint
1348,loop_mechanism,critique_and_revision
1348,contribution_type,method
1348,research_type,validation_research
1348,evaluation_strategy,benchmark
1348,human_role,fully_autonomous
1348,venue_type,preprint
1349,loop_mechanism,critique_and_revision
1349,contribution_type,method
1349,research_type,validation_research
1349,evaluation_strategy,controlled_experiment
1349,human_role,fully_autonomous
1349,venue_type,preprint
1350,loop_mechanism,self_evolution
1350,contribution_type,method
1350,research_type,validation_research
1350,evaluation_strategy,controlled_experiment
1350,human_role,fully_autonomous
1350,venue_type,preprint
1351,loop_mechanism,critique_and_revision
1351,contribution_type,method
1351,research_type,validation_research
1351,evaluation_strategy,benchmark
1351,human_role,fully_autonomous
1351,venue_type,conference
1353,loop_mechanism,critique_and_revision
1353,contribution_type,metric
1353,research_type,validation_research
1353,evaluation_strategy,benchmark
1353,human_role,fully_autonomous
1353,venue_type,conference
1364,loop_mechanism,multi_agent_coordination
1364,contribution_type,method
1364,research_type,validation_research
1364,evaluation_strategy,benchmark
1364,human_role,fully_autonomous
1364,venue_type,preprint
1366,loop_mechanism,verification_and_gating
1366,contribution_type,method
1366,research_type,validation_research
1366,evaluation_strategy,controlled_experiment
1366,human_role,fully_autonomous
1366,venue_type,preprint
1367,loop_mechanism,critique_and_revision
1367,contribution_type,method
1367,research_type,validation_research
1367,evaluation_strategy,benchmark
1367,human_role,fully_autonomous
1367,venue_type,conference
1376,loop_mechanism,loop_evaluation_and_diagnosis
1376,contribution_type,tool
1376,research_type,validation_research
1376,evaluation_strategy,benchmark
1376,human_role,fully_autonomous
1376,venue_type,conference
1378,loop_mechanism,critique_and_revision
1378,contribution_type,method
1378,research_type,validation_research
1378,evaluation_strategy,benchmark
1378,human_role,fully_autonomous
1378,venue_type,conference
1382,loop_mechanism,critique_and_revision
1382,contribution_type,tool
1382,research_type,validation_research
1382,evaluation_strategy,benchmark
1382,human_role,fully_autonomous
1382,venue_type,conference
1384,loop_mechanism,critique_and_revision
1384,contribution_type,tool
1384,research_type,validation_research
1384,evaluation_strategy,benchmark
1384,human_role,human_in_the_loop
1384,venue_type,preprint
1391,loop_mechanism,critique_and_revision
1391,contribution_type,method
1391,research_type,validation_research
1391,evaluation_strategy,benchmark
1391,human_role,fully_autonomous
1391,venue_type,preprint
1392,loop_mechanism,critique_and_revision
1392,contribution_type,method
1392,research_type,validation_research
1392,evaluation_strategy,benchmark
1392,human_role,fully_autonomous
1392,venue_type,preprint
1394,loop_mechanism,critique_and_revision
1394,contribution_type,method
1394,research_type,validation_research
1394,evaluation_strategy,benchmark
1394,human_role,fully_autonomous
1394,venue_type,preprint
1395,loop_mechanism,self_evolution
1395,contribution_type,method
1395,research_type,validation_research
1395,evaluation_strategy,benchmark
1395,human_role,fully_autonomous
1395,venue_type,preprint
1406,loop_mechanism,critique_and_revision
1406,contribution_type,method
1406,research_type,validation_research
1406,evaluation_strategy,benchmark
1406,human_role,fully_autonomous
1406,venue_type,preprint
1407,loop_mechanism,multi_agent_coordination
1407,contribution_type,method
1407,research_type,validation_research
1407,evaluation_strategy,benchmark
1407,human_role,fully_autonomous
1407,venue_type,journal
1417,loop_mechanism,critique_and_revision
1417,contribution_type,method
1417,research_type,validation_research
1417,evaluation_strategy,benchmark
1417,human_role,fully_autonomous
1417,venue_type,preprint
1419,loop_mechanism,critique_and_revision
1419,contribution_type,model
1419,research_type,validation_research
1419,evaluation_strategy,human_study
1419,human_role,human_in_the_loop
1419,venue_type,conference
1420,loop_mechanism,critique_and_revision
1420,contribution_type,method
1420,research_type,evaluation_research
1420,evaluation_strategy,human_study
1420,human_role,not_specified
1420,venue_type,journal
1421,loop_mechanism,self_evolution
1421,contribution_type,method
1421,research_type,validation_research
1421,evaluation_strategy,benchmark
1421,human_role,fully_autonomous
1421,venue_type,conference
1422,loop_mechanism,self_evolution
1422,contribution_type,method
1422,research_type,validation_research
1422,evaluation_strategy,benchmark
1422,human_role,fully_autonomous
1422,venue_type,preprint
1429,loop_mechanism,deliberative_search
1429,contribution_type,method
1429,research_type,validation_research
1429,evaluation_strategy,benchmark
1429,human_role,fully_autonomous
1429,venue_type,preprint
1432,loop_mechanism,multi_agent_coordination
1432,contribution_type,method
1432,research_type,validation_research
1432,evaluation_strategy,benchmark
1432,human_role,fully_autonomous
1432,venue_type,preprint
1433,loop_mechanism,deliberative_search
1433,contribution_type,method
1433,research_type,validation_research
1433,evaluation_strategy,benchmark
1433,human_role,fully_autonomous
1433,venue_type,preprint
1442,loop_mechanism,self_evolution
1442,contribution_type,method
1442,research_type,validation_research
1442,evaluation_strategy,benchmark
1442,human_role,fully_autonomous
1442,venue_type,preprint
1449,loop_mechanism,deliberative_search
1449,contribution_type,method
1449,research_type,validation_research
1449,evaluation_strategy,benchmark
1449,human_role,fully_autonomous
1449,venue_type,preprint
1450,loop_mechanism,critique_and_revision
1450,contribution_type,method
1450,research_type,validation_research
1450,evaluation_strategy,controlled_experiment
1450,human_role,fully_autonomous
1450,venue_type,conference
1452,loop_mechanism,critique_and_revision
1452,contribution_type,tool
1452,research_type,validation_research
1452,evaluation_strategy,benchmark
1452,human_role,fully_autonomous
1452,venue_type,preprint
1456,loop_mechanism,critique_and_revision
1456,contribution_type,method
1456,research_type,validation_research
1456,evaluation_strategy,benchmark
1456,human_role,fully_autonomous
1456,venue_type,conference
1458,loop_mechanism,planning_and_control_flow
1458,contribution_type,method
1458,research_type,validation_research
1458,evaluation_strategy,benchmark
1458,human_role,human_in_the_loop
1458,venue_type,preprint
1459,loop_mechanism,verification_and_gating
1459,contribution_type,method
1459,research_type,validation_research
1459,evaluation_strategy,benchmark
1459,human_role,fully_autonomous
1459,venue_type,conference
1461,loop_mechanism,deliberative_search
1461,contribution_type,model
1461,research_type,validation_research
1461,evaluation_strategy,controlled_experiment
1461,human_role,fully_autonomous
1461,venue_type,conference
1465,loop_mechanism,critique_and_revision
1465,contribution_type,method
1465,research_type,validation_research
1465,evaluation_strategy,benchmark
1465,human_role,fully_autonomous
1465,venue_type,conference
1471,loop_mechanism,critique_and_revision
1471,contribution_type,method
1471,research_type,validation_research
1471,evaluation_strategy,benchmark
1471,human_role,fully_autonomous
1471,venue_type,preprint
1472,loop_mechanism,self_evolution
1472,contribution_type,method
1472,research_type,validation_research
1472,evaluation_strategy,benchmark
1472,human_role,fully_autonomous
1472,venue_type,conference
1475,loop_mechanism,critique_and_revision
1475,contribution_type,method
1475,research_type,validation_research
1475,evaluation_strategy,human_study
1475,human_role,fully_autonomous
1475,venue_type,conference
1479,loop_mechanism,critique_and_revision
1479,contribution_type,method
1479,research_type,validation_research
1479,evaluation_strategy,benchmark
1479,human_role,fully_autonomous
1479,venue_type,conference
1483,loop_mechanism,deliberative_search
1483,contribution_type,method
1483,research_type,validation_research
1483,evaluation_strategy,benchmark
1483,human_role,fully_autonomous
1483,venue_type,preprint
1485,loop_mechanism,verification_and_gating
1485,contribution_type,method
1485,research_type,validation_research
1485,evaluation_strategy,benchmark
1485,human_role,fully_autonomous
1485,venue_type,preprint
1487,loop_mechanism,loop_evaluation_and_diagnosis
1487,contribution_type,tool
1487,research_type,validation_research
1487,evaluation_strategy,benchmark
1487,human_role,not_specified
1487,venue_type,conference
1496,loop_mechanism,self_evolution
1496,contribution_type,method
1496,research_type,validation_research
1496,evaluation_strategy,benchmark
1496,human_role,fully_autonomous
1496,venue_type,preprint
1505,loop_mechanism,critique_and_revision
1505,contribution_type,method
1505,research_type,validation_research
1505,evaluation_strategy,benchmark
1505,human_role,fully_autonomous
1505,venue_type,preprint
1512,loop_mechanism,verification_and_gating
1512,contribution_type,method
1512,research_type,validation_research
1512,evaluation_strategy,benchmark
1512,human_role,fully_autonomous
1512,venue_type,preprint
1514,loop_mechanism,verification_and_gating
1514,contribution_type,method
1514,research_type,validation_research
1514,evaluation_strategy,benchmark
1514,human_role,fully_autonomous
1514,venue_type,preprint
1517,loop_mechanism,critique_and_revision
1517,contribution_type,method
1517,research_type,validation_research
1517,evaluation_strategy,benchmark
1517,human_role,fully_autonomous
1517,venue_type,preprint
1531,loop_mechanism,self_evolution
1531,contribution_type,method
1531,research_type,validation_research
1531,evaluation_strategy,benchmark
1531,human_role,fully_autonomous
1531,venue_type,preprint
1548,loop_mechanism,self_evolution
1548,contribution_type,method
1548,research_type,validation_research
1548,evaluation_strategy,benchmark
1548,human_role,fully_autonomous
1548,venue_type,preprint
1553,loop_mechanism,budget_and_termination_control
1553,contribution_type,model
1553,research_type,validation_research
1553,evaluation_strategy,benchmark
1553,human_role,fully_autonomous
1553,venue_type,preprint
1554,loop_mechanism,critique_and_revision
1554,contribution_type,metric
1554,research_type,validation_research
1554,evaluation_strategy,controlled_experiment
1554,human_role,fully_autonomous
1554,venue_type,preprint
1555,loop_mechanism,critique_and_revision
1555,contribution_type,method
1555,research_type,validation_research
1555,evaluation_strategy,benchmark
1555,human_role,fully_autonomous
1555,venue_type,preprint
1556,loop_mechanism,critique_and_revision
1556,contribution_type,method
1556,research_type,validation_research
1556,evaluation_strategy,benchmark
1556,human_role,fully_autonomous
1556,venue_type,preprint
1564,loop_mechanism,critique_and_revision
1564,contribution_type,model
1564,research_type,validation_research
1564,evaluation_strategy,controlled_experiment
1564,human_role,fully_autonomous
1564,venue_type,preprint
1566,loop_mechanism,critique_and_revision
1566,contribution_type,model
1566,research_type,validation_research
1566,evaluation_strategy,controlled_experiment
1566,human_role,fully_autonomous
1566,venue_type,preprint
1567,loop_mechanism,planning_and_control_flow
1567,contribution_type,method
1567,research_type,validation_research
1567,evaluation_strategy,benchmark
1567,human_role,fully_autonomous
1567,venue_type,preprint
1573,loop_mechanism,critique_and_revision
1573,contribution_type,method
1573,research_type,validation_research
1573,evaluation_strategy,benchmark
1573,human_role,fully_autonomous
1573,venue_type,preprint
1574,loop_mechanism,critique_and_revision
1574,contribution_type,model
1574,research_type,validation_research
1574,evaluation_strategy,controlled_experiment
1574,human_role,fully_autonomous
1574,venue_type,preprint
1579,loop_mechanism,critique_and_revision
1579,contribution_type,model
1579,research_type,validation_research
1579,evaluation_strategy,controlled_experiment
1579,human_role,fully_autonomous
1579,venue_type,preprint
1581,loop_mechanism,loop_evaluation_and_diagnosis
1581,contribution_type,tool
1581,research_type,validation_research
1581,evaluation_strategy,benchmark
1581,human_role,fully_autonomous
1581,venue_type,preprint
1594,loop_mechanism,verification_and_gating
1594,contribution_type,method
1594,research_type,validation_research
1594,evaluation_strategy,benchmark
1594,human_role,fully_autonomous
1594,venue_type,preprint
1599,loop_mechanism,critique_and_revision
1599,contribution_type,method
1599,research_type,validation_research
1599,evaluation_strategy,benchmark
1599,human_role,fully_autonomous
1599,venue_type,preprint
1602,loop_mechanism,critique_and_revision
1602,contribution_type,method
1602,research_type,validation_research
1602,evaluation_strategy,controlled_experiment
1602,human_role,fully_autonomous
1602,venue_type,preprint
1606,loop_mechanism,critique_and_revision
1606,contribution_type,model
1606,research_type,validation_research
1606,evaluation_strategy,benchmark
1606,human_role,fully_autonomous
1606,venue_type,preprint
1607,loop_mechanism,critique_and_revision
1607,contribution_type,model
1607,research_type,validation_research
1607,evaluation_strategy,controlled_experiment
1607,human_role,fully_autonomous
1607,venue_type,preprint
1610,loop_mechanism,critique_and_revision
1610,contribution_type,model
1610,research_type,validation_research
1610,evaluation_strategy,controlled_experiment
1610,human_role,fully_autonomous
1610,venue_type,preprint
1615,loop_mechanism,verification_and_gating
1615,contribution_type,method
1615,research_type,validation_research
1615,evaluation_strategy,benchmark
1615,human_role,fully_autonomous
1615,venue_type,preprint
1618,loop_mechanism,self_evolution
1618,contribution_type,method
1618,research_type,validation_research
1618,evaluation_strategy,benchmark
1618,human_role,fully_autonomous
1618,venue_type,preprint
1636,loop_mechanism,critique_and_revision
1636,contribution_type,method
1636,research_type,validation_research
1636,evaluation_strategy,benchmark
1636,human_role,fully_autonomous
1636,venue_type,preprint
1654,loop_mechanism,critique_and_revision
1654,contribution_type,method
1654,research_type,validation_research
1654,evaluation_strategy,benchmark
1654,human_role,fully_autonomous
1654,venue_type,preprint
1673,loop_mechanism,critique_and_revision
1673,contribution_type,method
1673,research_type,validation_research
1673,evaluation_strategy,benchmark
1673,human_role,fully_autonomous
1673,venue_type,preprint
1687,loop_mechanism,self_evolution
1687,contribution_type,method
1687,research_type,validation_research
1687,evaluation_strategy,benchmark
1687,human_role,fully_autonomous
1687,venue_type,preprint
1696,loop_mechanism,critique_and_revision
1696,contribution_type,method
1696,research_type,validation_research
1696,evaluation_strategy,controlled_experiment
1696,human_role,fully_autonomous
1696,venue_type,preprint
1723,loop_mechanism,planning_and_control_flow
1723,contribution_type,model
1723,research_type,philosophical_paper
1723,evaluation_strategy,none
1723,human_role,not_specified
1723,venue_type,preprint
1755,loop_mechanism,verification_and_gating
1755,contribution_type,method
1755,research_type,validation_research
1755,evaluation_strategy,benchmark
1755,human_role,fully_autonomous
1755,venue_type,preprint
1762,loop_mechanism,loop_evaluation_and_diagnosis
1762,contribution_type,metric
1762,research_type,validation_research
1762,evaluation_strategy,benchmark
1762,human_role,human_in_the_loop
1762,venue_type,conference
1792,loop_mechanism,verification_and_gating
1792,contribution_type,model
1792,research_type,validation_research
1792,evaluation_strategy,controlled_experiment
1792,human_role,fully_autonomous
1792,venue_type,preprint
1793,loop_mechanism,critique_and_revision
1793,contribution_type,method
1793,research_type,validation_research
1793,evaluation_strategy,benchmark
1793,human_role,fully_autonomous
1793,venue_type,preprint
1805,loop_mechanism,multi_agent_coordination
1805,contribution_type,tool
1805,research_type,validation_research
1805,evaluation_strategy,controlled_experiment
1805,human_role,fully_autonomous
1805,venue_type,journal
1821,loop_mechanism,critique_and_revision
1821,contribution_type,method
1821,research_type,validation_research
1821,evaluation_strategy,benchmark
1821,human_role,fully_autonomous
1821,venue_type,conference
1835,loop_mechanism,loop_evaluation_and_diagnosis
1835,contribution_type,tool
1835,research_type,validation_research
1835,evaluation_strategy,benchmark
1835,human_role,fully_autonomous
1835,venue_type,conference
1836,loop_mechanism,critique_and_revision
1836,contribution_type,method
1836,research_type,validation_research
1836,evaluation_strategy,benchmark
1836,human_role,fully_autonomous
1836,venue_type,preprint
1837,loop_mechanism,verification_and_gating
1837,contribution_type,method
1837,research_type,validation_research
1837,evaluation_strategy,benchmark
1837,human_role,fully_autonomous
1837,venue_type,preprint
1840,loop_mechanism,critique_and_revision
1840,contribution_type,metric
1840,research_type,validation_research
1840,evaluation_strategy,benchmark
1840,human_role,fully_autonomous
1840,venue_type,preprint
1847,loop_mechanism,verification_and_gating
1847,contribution_type,method
1847,research_type,validation_research
1847,evaluation_strategy,benchmark
1847,human_role,fully_autonomous
1847,venue_type,preprint
1849,loop_mechanism,critique_and_revision
1849,contribution_type,model
1849,research_type,validation_research
1849,evaluation_strategy,benchmark
1849,human_role,fully_autonomous
1849,venue_type,conference
1854,loop_mechanism,planning_and_control_flow
1854,contribution_type,method
1854,research_type,validation_research
1854,evaluation_strategy,benchmark
1854,human_role,fully_autonomous
1854,venue_type,preprint
1861,loop_mechanism,deliberative_search
1861,contribution_type,method
1861,research_type,validation_research
1861,evaluation_strategy,benchmark
1861,human_role,fully_autonomous
1861,venue_type,preprint
1865,loop_mechanism,verification_and_gating
1865,contribution_type,tool
1865,research_type,validation_research
1865,evaluation_strategy,benchmark
1865,human_role,fully_autonomous
1865,venue_type,preprint
1868,loop_mechanism,critique_and_revision
1868,contribution_type,model
1868,research_type,validation_research
1868,evaluation_strategy,controlled_experiment
1868,human_role,fully_autonomous
1868,venue_type,preprint
1870,loop_mechanism,critique_and_revision
1870,contribution_type,model
1870,research_type,validation_research
1870,evaluation_strategy,benchmark
1870,human_role,fully_autonomous
1870,venue_type,preprint
1882,loop_mechanism,verification_and_gating
1882,contribution_type,metric
1882,research_type,validation_research
1882,evaluation_strategy,benchmark
1882,human_role,fully_autonomous
1882,venue_type,preprint
1883,loop_mechanism,verification_and_gating
1883,contribution_type,tool
1883,research_type,validation_research
1883,evaluation_strategy,benchmark
1883,human_role,fully_autonomous
1883,venue_type,preprint
1885,loop_mechanism,verification_and_gating
1885,contribution_type,tool
1885,research_type,validation_research
1885,evaluation_strategy,benchmark
1885,human_role,fully_autonomous
1885,venue_type,preprint
1891,loop_mechanism,verification_and_gating
1891,contribution_type,method
1891,research_type,validation_research
1891,evaluation_strategy,benchmark
1891,human_role,fully_autonomous
1891,venue_type,preprint
1892,loop_mechanism,multi_agent_coordination
1892,contribution_type,method
1892,research_type,validation_research
1892,evaluation_strategy,benchmark
1892,human_role,fully_autonomous
1892,venue_type,journal
1894,loop_mechanism,budget_and_termination_control
1894,contribution_type,method
1894,research_type,validation_research
1894,evaluation_strategy,benchmark
1894,human_role,fully_autonomous
1894,venue_type,preprint
1895,loop_mechanism,planning_and_control_flow
1895,contribution_type,method
1895,research_type,validation_research
1895,evaluation_strategy,benchmark
1895,human_role,fully_autonomous
1895,venue_type,preprint
1902,loop_mechanism,critique_and_revision
1902,contribution_type,method
1902,research_type,validation_research
1902,evaluation_strategy,benchmark
1902,human_role,fully_autonomous
1902,venue_type,preprint
1912,loop_mechanism,loop_evaluation_and_diagnosis
1912,contribution_type,tool
1912,research_type,validation_research
1912,evaluation_strategy,benchmark
1912,human_role,fully_autonomous
1912,venue_type,preprint
1914,loop_mechanism,critique_and_revision
1914,contribution_type,method
1914,research_type,validation_research
1914,evaluation_strategy,benchmark
1914,human_role,fully_autonomous
1914,venue_type,preprint
1918,loop_mechanism,critique_and_revision
1918,contribution_type,method
1918,research_type,validation_research
1918,evaluation_strategy,benchmark
1918,human_role,fully_autonomous
1918,venue_type,preprint
1923,loop_mechanism,critique_and_revision
1923,contribution_type,method
1923,research_type,validation_research
1923,evaluation_strategy,benchmark
1923,human_role,fully_autonomous
1923,venue_type,conference
1934,loop_mechanism,verification_and_gating
1934,contribution_type,tool
1934,research_type,validation_research
1934,evaluation_strategy,benchmark
1934,human_role,fully_autonomous
1934,venue_type,preprint
1948,loop_mechanism,verification_and_gating
1948,contribution_type,tool
1948,research_type,validation_research
1948,evaluation_strategy,benchmark
1948,human_role,fully_autonomous
1948,venue_type,preprint
1986,loop_mechanism,verification_and_gating
1986,contribution_type,method
1986,research_type,validation_research
1986,evaluation_strategy,benchmark
1986,human_role,fully_autonomous
1986,venue_type,preprint
2052,loop_mechanism,loop_evaluation_and_diagnosis
2052,contribution_type,metric
2052,research_type,validation_research
2052,evaluation_strategy,controlled_experiment
2052,human_role,fully_autonomous
2052,venue_type,preprint
2053,loop_mechanism,verification_and_gating
2053,contribution_type,method
2053,research_type,validation_research
2053,evaluation_strategy,benchmark
2053,human_role,fully_autonomous
2053,venue_type,preprint
2088,loop_mechanism,verification_and_gating
2088,contribution_type,method
2088,research_type,validation_research
2088,evaluation_strategy,benchmark
2088,human_role,fully_autonomous
2088,venue_type,preprint
2227,loop_mechanism,verification_and_gating
2227,contribution_type,method
2227,research_type,validation_research
2227,evaluation_strategy,benchmark
2227,human_role,fully_autonomous
2227,venue_type,journal
2228,loop_mechanism,verification_and_gating
2228,contribution_type,method
2228,research_type,validation_research
2228,evaluation_strategy,benchmark
2228,human_role,not_specified
2228,venue_type,conference
2239,loop_mechanism,verification_and_gating
2239,contribution_type,method
2239,research_type,validation_research
2239,evaluation_strategy,benchmark
2239,human_role,fully_autonomous
2239,venue_type,preprint
2242,loop_mechanism,verification_and_gating
2242,contribution_type,metric
2242,research_type,validation_research
2242,evaluation_strategy,benchmark
2242,human_role,fully_autonomous
2242,venue_type,preprint
2249,loop_mechanism,loop_evaluation_and_diagnosis
2249,contribution_type,model
2249,research_type,validation_research
2249,evaluation_strategy,illustrative_example
2249,human_role,not_specified
2249,venue_type,preprint
2251,loop_mechanism,budget_and_termination_control
2251,contribution_type,method
2251,research_type,validation_research
2251,evaluation_strategy,benchmark
2251,human_role,fully_autonomous
2251,venue_type,preprint
2262,loop_mechanism,loop_evaluation_and_diagnosis
2262,contribution_type,tool
2262,research_type,validation_research
2262,evaluation_strategy,controlled_experiment
2262,human_role,fully_autonomous
2262,venue_type,preprint
2263,loop_mechanism,verification_and_gating
2263,contribution_type,method
2263,research_type,validation_research
2263,evaluation_strategy,benchmark
2263,human_role,fully_autonomous
2263,venue_type,conference
2289,loop_mechanism,verification_and_gating
2289,contribution_type,method
2289,research_type,validation_research
2289,evaluation_strategy,benchmark
2289,human_role,fully_autonomous
2289,venue_type,preprint
2291,loop_mechanism,multi_agent_coordination
2291,contribution_type,method
2291,research_type,validation_research
2291,evaluation_strategy,benchmark
2291,human_role,fully_autonomous
2291,venue_type,journal
2293,loop_mechanism,loop_evaluation_and_diagnosis
2293,contribution_type,tool
2293,research_type,validation_research
2293,evaluation_strategy,benchmark
2293,human_role,fully_autonomous
2293,venue_type,conference
2295,loop_mechanism,loop_evaluation_and_diagnosis
2295,contribution_type,method
2295,research_type,validation_research
2295,evaluation_strategy,controlled_experiment
2295,human_role,fully_autonomous
2295,venue_type,preprint
2300,loop_mechanism,verification_and_gating
2300,contribution_type,model
2300,research_type,validation_research
2300,evaluation_strategy,controlled_experiment
2300,human_role,fully_autonomous
2300,venue_type,preprint
2306,loop_mechanism,critique_and_revision
2306,contribution_type,method
2306,research_type,validation_research
2306,evaluation_strategy,benchmark
2306,human_role,fully_autonomous
2306,venue_type,conference
2312,loop_mechanism,budget_and_termination_control
2312,contribution_type,method
2312,research_type,validation_research
2312,evaluation_strategy,benchmark
2312,human_role,fully_autonomous
2312,venue_type,preprint
2313,loop_mechanism,verification_and_gating
2313,contribution_type,method
2313,research_type,validation_research
2313,evaluation_strategy,benchmark
2313,human_role,fully_autonomous
2313,venue_type,conference
2315,loop_mechanism,loop_evaluation_and_diagnosis
2315,contribution_type,method
2315,research_type,validation_research
2315,evaluation_strategy,controlled_experiment
2315,human_role,human_in_the_loop
2315,venue_type,preprint
2316,loop_mechanism,verification_and_gating
2316,contribution_type,method
2316,research_type,validation_research
2316,evaluation_strategy,benchmark
2316,human_role,fully_autonomous
2316,venue_type,preprint
2317,loop_mechanism,verification_and_gating
2317,contribution_type,method
2317,research_type,validation_research
2317,evaluation_strategy,benchmark
2317,human_role,fully_autonomous
2317,venue_type,preprint
2321,loop_mechanism,verification_and_gating
2321,contribution_type,model
2321,research_type,solution_proposal
2321,evaluation_strategy,case_study
2321,human_role,human_on_the_loop
2321,venue_type,preprint
2324,loop_mechanism,critique_and_revision
2324,contribution_type,method
2324,research_type,validation_research
2324,evaluation_strategy,benchmark
2324,human_role,fully_autonomous
2324,venue_type,preprint
2333,loop_mechanism,verification_and_gating
2333,contribution_type,method
2333,research_type,validation_research
2333,evaluation_strategy,benchmark
2333,human_role,fully_autonomous
2333,venue_type,preprint
2334,loop_mechanism,verification_and_gating
2334,contribution_type,tool
2334,research_type,validation_research
2334,evaluation_strategy,ablation
2334,human_role,fully_autonomous
2334,venue_type,preprint
2340,loop_mechanism,multi_agent_coordination
2340,contribution_type,model
2340,research_type,solution_proposal
2340,evaluation_strategy,none
2340,human_role,not_specified
2340,venue_type,preprint
2343,loop_mechanism,budget_and_termination_control
2343,contribution_type,method
2343,research_type,validation_research
2343,evaluation_strategy,benchmark
2343,human_role,fully_autonomous
2343,venue_type,preprint
2352,loop_mechanism,verification_and_gating
2352,contribution_type,method
2352,research_type,validation_research
2352,evaluation_strategy,benchmark
2352,human_role,fully_autonomous
2352,venue_type,preprint
2354,loop_mechanism,loop_evaluation_and_diagnosis
2354,contribution_type,model
2354,research_type,experience_paper
2354,evaluation_strategy,case_study
2354,human_role,human_in_the_loop
2354,venue_type,preprint
2356,loop_mechanism,verification_and_gating
2356,contribution_type,method
2356,research_type,validation_research
2356,evaluation_strategy,benchmark
2356,human_role,fully_autonomous
2356,venue_type,preprint
2359,loop_mechanism,loop_evaluation_and_diagnosis
2359,contribution_type,method
2359,research_type,validation_research
2359,evaluation_strategy,ablation
2359,human_role,fully_autonomous
2359,venue_type,preprint
2365,loop_mechanism,verification_and_gating
2365,contribution_type,method
2365,research_type,validation_research
2365,evaluation_strategy,benchmark
2365,human_role,fully_autonomous
2365,venue_type,preprint
2385,loop_mechanism,verification_and_gating
2385,contribution_type,tool
2385,research_type,validation_research
2385,evaluation_strategy,benchmark
2385,human_role,fully_autonomous
2385,venue_type,preprint
2388,loop_mechanism,loop_evaluation_and_diagnosis
2388,contribution_type,model
2388,research_type,validation_research
2388,evaluation_strategy,benchmark
2388,human_role,fully_autonomous
2388,venue_type,preprint
2456,loop_mechanism,verification_and_gating
2456,contribution_type,method
2456,research_type,validation_research
2456,evaluation_strategy,benchmark
2456,human_role,fully_autonomous
2456,venue_type,preprint
2506,loop_mechanism,verification_and_gating
2506,contribution_type,metric
2506,research_type,validation_research
2506,evaluation_strategy,benchmark
2506,human_role,fully_autonomous
2506,venue_type,preprint
2560,loop_mechanism,verification_and_gating
2560,contribution_type,method
2560,research_type,validation_research
2560,evaluation_strategy,controlled_experiment
2560,human_role,fully_autonomous
2560,venue_type,preprint
2672,loop_mechanism,loop_evaluation_and_diagnosis
2672,contribution_type,metric
2672,research_type,validation_research
2672,evaluation_strategy,benchmark
2672,human_role,fully_autonomous
2672,venue_type,journal
2895,loop_mechanism,critique_and_revision
2895,contribution_type,method
2895,research_type,validation_research
2895,evaluation_strategy,benchmark
2895,human_role,fully_autonomous
2895,venue_type,preprint
2917,loop_mechanism,critique_and_revision
2917,contribution_type,method
2917,research_type,validation_research
2917,evaluation_strategy,benchmark
2917,human_role,fully_autonomous
2917,venue_type,preprint
2935,loop_mechanism,planning_and_control_flow
2935,contribution_type,method
2935,research_type,validation_research
2935,evaluation_strategy,benchmark
2935,human_role,fully_autonomous
2935,venue_type,preprint
2971,loop_mechanism,critique_and_revision
2971,contribution_type,method
2971,research_type,validation_research
2971,evaluation_strategy,benchmark
2971,human_role,fully_autonomous
2971,venue_type,preprint
2987,loop_mechanism,multi_agent_coordination
2987,contribution_type,method
2987,research_type,validation_research
2987,evaluation_strategy,benchmark
2987,human_role,fully_autonomous
2987,venue_type,preprint
3019,loop_mechanism,critique_and_revision
3019,contribution_type,method
3019,research_type,validation_research
3019,evaluation_strategy,benchmark
3019,human_role,fully_autonomous
3019,venue_type,preprint
3040,loop_mechanism,verification_and_gating
3040,contribution_type,method
3040,research_type,validation_research
3040,evaluation_strategy,benchmark
3040,human_role,fully_autonomous
3040,venue_type,conference
3058,loop_mechanism,planning_and_control_flow
3058,contribution_type,method
3058,research_type,validation_research
3058,evaluation_strategy,benchmark
3058,human_role,fully_autonomous
3058,venue_type,preprint
3076,loop_mechanism,critique_and_revision
3076,contribution_type,method
3076,research_type,validation_research
3076,evaluation_strategy,benchmark
3076,human_role,fully_autonomous
3076,venue_type,preprint
3091,loop_mechanism,self_evolution
3091,contribution_type,method
3091,research_type,validation_research
3091,evaluation_strategy,benchmark
3091,human_role,fully_autonomous
3091,venue_type,preprint
3157,loop_mechanism,verification_and_gating
3157,contribution_type,method
3157,research_type,validation_research
3157,evaluation_strategy,benchmark
3157,human_role,fully_autonomous
3157,venue_type,preprint
3163,loop_mechanism,verification_and_gating
3163,contribution_type,method
3163,research_type,validation_research
3163,evaluation_strategy,benchmark
3163,human_role,human_in_the_loop
3163,venue_type,preprint
3165,loop_mechanism,critique_and_revision
3165,contribution_type,method
3165,research_type,validation_research
3165,evaluation_strategy,controlled_experiment
3165,human_role,fully_autonomous
3165,venue_type,preprint
3166,loop_mechanism,critique_and_revision
3166,contribution_type,model
3166,research_type,validation_research
3166,evaluation_strategy,controlled_experiment
3166,human_role,fully_autonomous
3166,venue_type,preprint
3187,loop_mechanism,planning_and_control_flow
3187,contribution_type,method
3187,research_type,validation_research
3187,evaluation_strategy,benchmark
3187,human_role,fully_autonomous
3187,venue_type,preprint
3292,loop_mechanism,critique_and_revision
3292,contribution_type,method
3292,research_type,validation_research
3292,evaluation_strategy,benchmark
3292,human_role,fully_autonomous
3292,venue_type,preprint
3297,loop_mechanism,critique_and_revision
3297,contribution_type,method
3297,research_type,validation_research
3297,evaluation_strategy,benchmark
3297,human_role,fully_autonomous
3297,venue_type,preprint
3318,loop_mechanism,verification_and_gating
3318,contribution_type,method
3318,research_type,validation_research
3318,evaluation_strategy,benchmark
3318,human_role,fully_autonomous
3318,venue_type,preprint
3319,loop_mechanism,critique_and_revision
3319,contribution_type,method
3319,research_type,validation_research
3319,evaluation_strategy,benchmark
3319,human_role,fully_autonomous
3319,venue_type,preprint
3324,loop_mechanism,planning_and_control_flow
3324,contribution_type,method
3324,research_type,validation_research
3324,evaluation_strategy,benchmark
3324,human_role,fully_autonomous
3324,venue_type,preprint
3331,loop_mechanism,critique_and_revision
3331,contribution_type,process
3331,research_type,validation_research
3331,evaluation_strategy,controlled_experiment
3331,human_role,fully_autonomous
3331,venue_type,preprint
3348,loop_mechanism,verification_and_gating
3348,contribution_type,method
3348,research_type,validation_research
3348,evaluation_strategy,benchmark
3348,human_role,fully_autonomous
3348,venue_type,preprint
3407,loop_mechanism,budget_and_termination_control
3407,contribution_type,method
3407,research_type,validation_research
3407,evaluation_strategy,benchmark
3407,human_role,fully_autonomous
3407,venue_type,conference
3467,loop_mechanism,verification_and_gating
3467,contribution_type,method
3467,research_type,validation_research
3467,evaluation_strategy,benchmark
3467,human_role,fully_autonomous
3467,venue_type,preprint
3504,loop_mechanism,planning_and_control_flow
3504,contribution_type,model
3504,research_type,philosophical_paper
3504,evaluation_strategy,illustrative_example
3504,human_role,not_specified
3504,venue_type,preprint
3517,loop_mechanism,verification_and_gating
3517,contribution_type,method
3517,research_type,validation_research
3517,evaluation_strategy,benchmark
3517,human_role,fully_autonomous
3517,venue_type,conference
3581,loop_mechanism,critique_and_revision
3581,contribution_type,model
3581,research_type,solution_proposal
3581,evaluation_strategy,illustrative_example
3581,human_role,fully_autonomous
3581,venue_type,journal
3628,loop_mechanism,verification_and_gating
3628,contribution_type,model
3628,research_type,validation_research
3628,evaluation_strategy,benchmark
3628,human_role,fully_autonomous
3628,venue_type,preprint
3637,loop_mechanism,verification_and_gating
3637,contribution_type,method
3637,research_type,validation_research
3637,evaluation_strategy,benchmark
3637,human_role,fully_autonomous
3637,venue_type,preprint
3640,loop_mechanism,budget_and_termination_control
3640,contribution_type,method
3640,research_type,validation_research
3640,evaluation_strategy,benchmark
3640,human_role,fully_autonomous
3640,venue_type,preprint
3673,loop_mechanism,budget_and_termination_control
3673,contribution_type,method
3673,research_type,validation_research
3673,evaluation_strategy,controlled_experiment
3673,human_role,fully_autonomous
3673,venue_type,preprint
3686,loop_mechanism,deliberative_search
3686,contribution_type,method
3686,research_type,validation_research
3686,evaluation_strategy,benchmark
3686,human_role,fully_autonomous
3686,venue_type,preprint
3742,loop_mechanism,budget_and_termination_control
3742,contribution_type,method
3742,research_type,validation_research
3742,evaluation_strategy,controlled_experiment
3742,human_role,fully_autonomous
3742,venue_type,preprint
3744,loop_mechanism,budget_and_termination_control
3744,contribution_type,method
3744,research_type,validation_research
3744,evaluation_strategy,benchmark
3744,human_role,not_specified
3744,venue_type,preprint
3749,loop_mechanism,budget_and_termination_control
3749,contribution_type,method
3749,research_type,validation_research
3749,evaluation_strategy,benchmark
3749,human_role,fully_autonomous
3749,venue_type,preprint
3755,loop_mechanism,verification_and_gating
3755,contribution_type,model
3755,research_type,validation_research
3755,evaluation_strategy,controlled_experiment
3755,human_role,fully_autonomous
3755,venue_type,preprint
3780,loop_mechanism,budget_and_termination_control
3780,contribution_type,method
3780,research_type,validation_research
3780,evaluation_strategy,benchmark
3780,human_role,fully_autonomous
3780,venue_type,preprint
3783,loop_mechanism,budget_and_termination_control
3783,contribution_type,method
3783,research_type,validation_research
3783,evaluation_strategy,benchmark
3783,human_role,fully_autonomous
3783,venue_type,preprint
3784,loop_mechanism,budget_and_termination_control
3784,contribution_type,method
3784,research_type,validation_research
3784,evaluation_strategy,benchmark
3784,human_role,fully_autonomous
3784,venue_type,preprint
3790,loop_mechanism,multi_agent_coordination
3790,contribution_type,method
3790,research_type,validation_research
3790,evaluation_strategy,benchmark
3790,human_role,fully_autonomous
3790,venue_type,preprint
3794,loop_mechanism,budget_and_termination_control
3794,contribution_type,method
3794,research_type,validation_research
3794,evaluation_strategy,benchmark
3794,human_role,fully_autonomous
3794,venue_type,preprint
3795,loop_mechanism,budget_and_termination_control
3795,contribution_type,method
3795,research_type,validation_research
3795,evaluation_strategy,benchmark
3795,human_role,fully_autonomous
3795,venue_type,preprint
3796,loop_mechanism,loop_evaluation_and_diagnosis
3796,contribution_type,method
3796,research_type,validation_research
3796,evaluation_strategy,controlled_experiment
3796,human_role,fully_autonomous
3796,venue_type,preprint
3799,loop_mechanism,budget_and_termination_control
3799,contribution_type,method
3799,research_type,validation_research
3799,evaluation_strategy,benchmark
3799,human_role,fully_autonomous
3799,venue_type,preprint
3805,loop_mechanism,budget_and_termination_control
3805,contribution_type,method
3805,research_type,validation_research
3805,evaluation_strategy,benchmark
3805,human_role,fully_autonomous
3805,venue_type,preprint
3812,loop_mechanism,budget_and_termination_control
3812,contribution_type,model
3812,research_type,validation_research
3812,evaluation_strategy,benchmark
3812,human_role,fully_autonomous
3812,venue_type,preprint
3815,loop_mechanism,verification_and_gating
3815,contribution_type,metric
3815,research_type,validation_research
3815,evaluation_strategy,benchmark
3815,human_role,fully_autonomous
3815,venue_type,preprint
3817,loop_mechanism,verification_and_gating
3817,contribution_type,method
3817,research_type,validation_research
3817,evaluation_strategy,benchmark
3817,human_role,fully_autonomous
3817,venue_type,preprint
3818,loop_mechanism,verification_and_gating
3818,contribution_type,method
3818,research_type,validation_research
3818,evaluation_strategy,benchmark
3818,human_role,fully_autonomous
3818,venue_type,preprint
3825,loop_mechanism,budget_and_termination_control
3825,contribution_type,method
3825,research_type,solution_proposal
3825,evaluation_strategy,none
3825,human_role,not_specified
3825,venue_type,preprint
3830,loop_mechanism,budget_and_termination_control
3830,contribution_type,method
3830,research_type,validation_research
3830,evaluation_strategy,benchmark
3830,human_role,fully_autonomous
3830,venue_type,preprint
3833,loop_mechanism,deliberative_search
3833,contribution_type,method
3833,research_type,validation_research
3833,evaluation_strategy,benchmark
3833,human_role,fully_autonomous
3833,venue_type,preprint
3836,loop_mechanism,budget_and_termination_control
3836,contribution_type,method
3836,research_type,validation_research
3836,evaluation_strategy,benchmark
3836,human_role,fully_autonomous
3836,venue_type,preprint
3838,loop_mechanism,verification_and_gating
3838,contribution_type,method
3838,research_type,validation_research
3838,evaluation_strategy,benchmark
3838,human_role,fully_autonomous
3838,venue_type,journal
3846,loop_mechanism,verification_and_gating
3846,contribution_type,method
3846,research_type,validation_research
3846,evaluation_strategy,benchmark
3846,human_role,fully_autonomous
3846,venue_type,preprint
3847,loop_mechanism,deliberative_search
3847,contribution_type,tool
3847,research_type,validation_research
3847,evaluation_strategy,benchmark
3847,human_role,fully_autonomous
3847,venue_type,preprint
3849,loop_mechanism,budget_and_termination_control
3849,contribution_type,method
3849,research_type,validation_research
3849,evaluation_strategy,benchmark
3849,human_role,fully_autonomous
3849,venue_type,preprint
3855,loop_mechanism,budget_and_termination_control
3855,contribution_type,method
3855,research_type,validation_research
3855,evaluation_strategy,benchmark
3855,human_role,fully_autonomous
3855,venue_type,preprint
3856,loop_mechanism,budget_and_termination_control
3856,contribution_type,process
3856,research_type,opinion_paper
3856,evaluation_strategy,none
3856,human_role,not_specified
3856,venue_type,journal
3857,loop_mechanism,budget_and_termination_control
3857,contribution_type,method
3857,research_type,validation_research
3857,evaluation_strategy,benchmark
3857,human_role,fully_autonomous
3857,venue_type,preprint
3859,loop_mechanism,verification_and_gating
3859,contribution_type,method
3859,research_type,validation_research
3859,evaluation_strategy,benchmark
3859,human_role,fully_autonomous
3859,venue_type,preprint
3860,loop_mechanism,memory_and_context_management
3860,contribution_type,method
3860,research_type,validation_research
3860,evaluation_strategy,benchmark
3860,human_role,fully_autonomous
3860,venue_type,preprint
3863,loop_mechanism,verification_and_gating
3863,contribution_type,method
3863,research_type,validation_research
3863,evaluation_strategy,benchmark
3863,human_role,fully_autonomous
3863,venue_type,preprint
3866,loop_mechanism,multi_agent_coordination
3866,contribution_type,method
3866,research_type,validation_research
3866,evaluation_strategy,benchmark
3866,human_role,fully_autonomous
3866,venue_type,conference
3867,loop_mechanism,planning_and_control_flow
3867,contribution_type,method
3867,research_type,validation_research
3867,evaluation_strategy,benchmark
3867,human_role,fully_autonomous
3867,venue_type,preprint
3870,loop_mechanism,multi_agent_coordination
3870,contribution_type,tool
3870,research_type,validation_research
3870,evaluation_strategy,ablation
3870,human_role,not_specified
3870,venue_type,preprint
3871,loop_mechanism,self_evolution
3871,contribution_type,method
3871,research_type,validation_research
3871,evaluation_strategy,benchmark
3871,human_role,fully_autonomous
3871,venue_type,preprint
3872,loop_mechanism,budget_and_termination_control
3872,contribution_type,method
3872,research_type,validation_research
3872,evaluation_strategy,benchmark
3872,human_role,fully_autonomous
3872,venue_type,preprint
3875,loop_mechanism,budget_and_termination_control
3875,contribution_type,model
3875,research_type,validation_research
3875,evaluation_strategy,benchmark
3875,human_role,fully_autonomous
3875,venue_type,preprint
3879,loop_mechanism,budget_and_termination_control
3879,contribution_type,tool
3879,research_type,validation_research
3879,evaluation_strategy,controlled_experiment
3879,human_role,fully_autonomous
3879,venue_type,preprint
3880,loop_mechanism,budget_and_termination_control
3880,contribution_type,method
3880,research_type,validation_research
3880,evaluation_strategy,controlled_experiment
3880,human_role,fully_autonomous
3880,venue_type,preprint
3882,loop_mechanism,deliberative_search
3882,contribution_type,method
3882,research_type,validation_research
3882,evaluation_strategy,benchmark
3882,human_role,fully_autonomous
3882,venue_type,preprint
3884,loop_mechanism,budget_and_termination_control
3884,contribution_type,method
3884,research_type,validation_research
3884,evaluation_strategy,benchmark
3884,human_role,fully_autonomous
3884,venue_type,preprint
3885,loop_mechanism,deliberative_search
3885,contribution_type,method
3885,research_type,validation_research
3885,evaluation_strategy,benchmark
3885,human_role,fully_autonomous
3885,venue_type,preprint
3886,loop_mechanism,deliberative_search
3886,contribution_type,method
3886,research_type,validation_research
3886,evaluation_strategy,benchmark
3886,human_role,fully_autonomous
3886,venue_type,preprint
3895,loop_mechanism,memory_and_context_management
3895,contribution_type,method
3895,research_type,validation_research
3895,evaluation_strategy,benchmark
3895,human_role,fully_autonomous
3895,venue_type,preprint
3905,loop_mechanism,self_evolution
3905,contribution_type,model
3905,research_type,validation_research
3905,evaluation_strategy,benchmark
3905,human_role,fully_autonomous
3905,venue_type,preprint
3906,loop_mechanism,deliberative_search
3906,contribution_type,method
3906,research_type,validation_research
3906,evaluation_strategy,controlled_experiment
3906,human_role,fully_autonomous
3906,venue_type,preprint
3914,loop_mechanism,loop_evaluation_and_diagnosis
3914,contribution_type,tool
3914,research_type,validation_research
3914,evaluation_strategy,benchmark
3914,human_role,not_specified
3914,venue_type,preprint
3916,loop_mechanism,critique_and_revision
3916,contribution_type,method
3916,research_type,validation_research
3916,evaluation_strategy,benchmark
3916,human_role,fully_autonomous
3916,venue_type,preprint
3921,loop_mechanism,deliberative_search
3921,contribution_type,method
3921,research_type,validation_research
3921,evaluation_strategy,benchmark
3921,human_role,fully_autonomous
3921,venue_type,preprint
3922,loop_mechanism,deliberative_search
3922,contribution_type,method
3922,research_type,validation_research
3922,evaluation_strategy,controlled_experiment
3922,human_role,fully_autonomous
3922,venue_type,preprint
3932,loop_mechanism,budget_and_termination_control
3932,contribution_type,metric
3932,research_type,validation_research
3932,evaluation_strategy,benchmark
3932,human_role,fully_autonomous
3932,venue_type,preprint
3935,loop_mechanism,planning_and_control_flow
3935,contribution_type,tool
3935,research_type,validation_research
3935,evaluation_strategy,benchmark
3935,human_role,fully_autonomous
3935,venue_type,preprint
3940,loop_mechanism,self_evolution
3940,contribution_type,model
3940,research_type,validation_research
3940,evaluation_strategy,controlled_experiment
3940,human_role,fully_autonomous
3940,venue_type,preprint
3949,loop_mechanism,multi_agent_coordination
3949,contribution_type,method
3949,research_type,validation_research
3949,evaluation_strategy,benchmark
3949,human_role,fully_autonomous
3949,venue_type,conference
3953,loop_mechanism,critique_and_revision
3953,contribution_type,method
3953,research_type,validation_research
3953,evaluation_strategy,benchmark
3953,human_role,fully_autonomous
3953,venue_type,preprint
3962,loop_mechanism,deliberative_search
3962,contribution_type,method
3962,research_type,validation_research
3962,evaluation_strategy,benchmark
3962,human_role,fully_autonomous
3962,venue_type,preprint
3963,loop_mechanism,deliberative_search
3963,contribution_type,model
3963,research_type,philosophical_paper
3963,evaluation_strategy,illustrative_example
3963,human_role,not_specified
3963,venue_type,preprint
3964,loop_mechanism,budget_and_termination_control
3964,contribution_type,method
3964,research_type,validation_research
3964,evaluation_strategy,benchmark
3964,human_role,human_in_the_loop
3964,venue_type,preprint
3969,loop_mechanism,budget_and_termination_control
3969,contribution_type,method
3969,research_type,validation_research
3969,evaluation_strategy,benchmark
3969,human_role,fully_autonomous
3969,venue_type,conference
3975,loop_mechanism,memory_and_context_management
3975,contribution_type,method
3975,research_type,validation_research
3975,evaluation_strategy,benchmark
3975,human_role,fully_autonomous
3975,venue_type,preprint
3976,loop_mechanism,budget_and_termination_control
3976,contribution_type,method
3976,research_type,validation_research
3976,evaluation_strategy,controlled_experiment
3976,human_role,fully_autonomous
3976,venue_type,preprint
3981,loop_mechanism,deliberative_search
3981,contribution_type,method
3981,research_type,validation_research
3981,evaluation_strategy,benchmark
3981,human_role,fully_autonomous
3981,venue_type,preprint
3986,loop_mechanism,planning_and_control_flow
3986,contribution_type,tool
3986,research_type,validation_research
3986,evaluation_strategy,benchmark
3986,human_role,fully_autonomous
3986,venue_type,preprint
3987,loop_mechanism,loop_evaluation_and_diagnosis
3987,contribution_type,model
3987,research_type,philosophical_paper
3987,evaluation_strategy,controlled_experiment
3987,human_role,fully_autonomous
3987,venue_type,preprint
3990,loop_mechanism,budget_and_termination_control
3990,contribution_type,method
3990,research_type,validation_research
3990,evaluation_strategy,benchmark
3990,human_role,fully_autonomous
3990,venue_type,preprint
3997,loop_mechanism,planning_and_control_flow
3997,contribution_type,method
3997,research_type,validation_research
3997,evaluation_strategy,benchmark
3997,human_role,fully_autonomous
3997,venue_type,preprint
4015,loop_mechanism,memory_and_context_management
4015,contribution_type,method
4015,research_type,validation_research
4015,evaluation_strategy,benchmark
4015,human_role,fully_autonomous
4015,venue_type,preprint
4017,loop_mechanism,verification_and_gating
4017,contribution_type,tool
4017,research_type,validation_research
4017,evaluation_strategy,benchmark
4017,human_role,fully_autonomous
4017,venue_type,preprint
4025,loop_mechanism,planning_and_control_flow
4025,contribution_type,method
4025,research_type,validation_research
4025,evaluation_strategy,benchmark
4025,human_role,fully_autonomous
4025,venue_type,preprint
4038,loop_mechanism,budget_and_termination_control
4038,contribution_type,method
4038,research_type,validation_research
4038,evaluation_strategy,benchmark
4038,human_role,fully_autonomous
4038,venue_type,preprint
4039,loop_mechanism,memory_and_context_management
4039,contribution_type,model
4039,research_type,validation_research
4039,evaluation_strategy,benchmark
4039,human_role,fully_autonomous
4039,venue_type,preprint
4049,loop_mechanism,loop_evaluation_and_diagnosis
4049,contribution_type,tool
4049,research_type,validation_research
4049,evaluation_strategy,benchmark
4049,human_role,fully_autonomous
4049,venue_type,preprint
4050,loop_mechanism,multi_agent_coordination
4050,contribution_type,method
4050,research_type,validation_research
4050,evaluation_strategy,controlled_experiment
4050,human_role,human_in_the_loop
4050,venue_type,preprint
4051,loop_mechanism,memory_and_context_management
4051,contribution_type,method
4051,research_type,validation_research
4051,evaluation_strategy,benchmark
4051,human_role,fully_autonomous
4051,venue_type,preprint
4053,loop_mechanism,loop_evaluation_and_diagnosis
4053,contribution_type,metric
4053,research_type,validation_research
4053,evaluation_strategy,controlled_experiment
4053,human_role,fully_autonomous
4053,venue_type,preprint
4055,loop_mechanism,memory_and_context_management
4055,contribution_type,method
4055,research_type,validation_research
4055,evaluation_strategy,benchmark
4055,human_role,fully_autonomous
4055,venue_type,preprint
4061,loop_mechanism,loop_evaluation_and_diagnosis
4061,contribution_type,metric
4061,research_type,validation_research
4061,evaluation_strategy,controlled_experiment
4061,human_role,fully_autonomous
4061,venue_type,preprint
4064,loop_mechanism,memory_and_context_management
4064,contribution_type,method
4064,research_type,validation_research
4064,evaluation_strategy,benchmark
4064,human_role,fully_autonomous
4064,venue_type,preprint
4066,loop_mechanism,memory_and_context_management
4066,contribution_type,tool
4066,research_type,validation_research
4066,evaluation_strategy,benchmark
4066,human_role,fully_autonomous
4066,venue_type,preprint
4067,loop_mechanism,memory_and_context_management
4067,contribution_type,method
4067,research_type,validation_research
4067,evaluation_strategy,benchmark
4067,human_role,fully_autonomous
4067,venue_type,preprint
4068,loop_mechanism,verification_and_gating
4068,contribution_type,model
4068,research_type,solution_proposal
4068,evaluation_strategy,none
4068,human_role,not_specified
4068,venue_type,preprint
4074,loop_mechanism,multi_agent_coordination
4074,contribution_type,method
4074,research_type,validation_research
4074,evaluation_strategy,benchmark
4074,human_role,fully_autonomous
4074,venue_type,preprint
4077,loop_mechanism,memory_and_context_management
4077,contribution_type,method
4077,research_type,validation_research
4077,evaluation_strategy,benchmark
4077,human_role,fully_autonomous
4077,venue_type,preprint
4079,loop_mechanism,planning_and_control_flow
4079,contribution_type,tool
4079,research_type,validation_research
4079,evaluation_strategy,benchmark
4079,human_role,fully_autonomous
4079,venue_type,preprint
4080,loop_mechanism,memory_and_context_management
4080,contribution_type,method
4080,research_type,validation_research
4080,evaluation_strategy,benchmark
4080,human_role,fully_autonomous
4080,venue_type,preprint
4084,loop_mechanism,memory_and_context_management
4084,contribution_type,method
4084,research_type,validation_research
4084,evaluation_strategy,benchmark
4084,human_role,fully_autonomous
4084,venue_type,preprint
4087,loop_mechanism,verification_and_gating
4087,contribution_type,tool
4087,research_type,validation_research
4087,evaluation_strategy,benchmark
4087,human_role,fully_autonomous
4087,venue_type,preprint
4089,loop_mechanism,verification_and_gating
4089,contribution_type,tool
4089,research_type,validation_research
4089,evaluation_strategy,controlled_experiment
4089,human_role,fully_autonomous
4089,venue_type,preprint
4090,loop_mechanism,deliberative_search
4090,contribution_type,method
4090,research_type,validation_research
4090,evaluation_strategy,benchmark
4090,human_role,fully_autonomous
4090,venue_type,preprint
4109,loop_mechanism,planning_and_control_flow
4109,contribution_type,tool
4109,research_type,validation_research
4109,evaluation_strategy,controlled_experiment
4109,human_role,not_specified
4109,venue_type,preprint
4110,loop_mechanism,loop_evaluation_and_diagnosis
4110,contribution_type,tool
4110,research_type,validation_research
4110,evaluation_strategy,ablation
4110,human_role,fully_autonomous
4110,venue_type,preprint
4114,loop_mechanism,multi_agent_coordination
4114,contribution_type,tool
4114,research_type,validation_research
4114,evaluation_strategy,benchmark
4114,human_role,fully_autonomous
4114,venue_type,preprint
4125,loop_mechanism,self_evolution
4125,contribution_type,method
4125,research_type,validation_research
4125,evaluation_strategy,benchmark
4125,human_role,fully_autonomous
4125,venue_type,preprint
4126,loop_mechanism,memory_and_context_management
4126,contribution_type,method
4126,research_type,validation_research
4126,evaluation_strategy,benchmark
4126,human_role,fully_autonomous
4126,venue_type,preprint
4133,loop_mechanism,loop_evaluation_and_diagnosis
4133,contribution_type,method
4133,research_type,validation_research
4133,evaluation_strategy,controlled_experiment
4133,human_role,fully_autonomous
4133,venue_type,preprint
4138,loop_mechanism,memory_and_context_management
4138,contribution_type,method
4138,research_type,validation_research
4138,evaluation_strategy,benchmark
4138,human_role,fully_autonomous
4138,venue_type,preprint
4152,loop_mechanism,deliberative_search
4152,contribution_type,method
4152,research_type,validation_research
4152,evaluation_strategy,benchmark
4152,human_role,fully_autonomous
4152,venue_type,preprint
4155,loop_mechanism,memory_and_context_management
4155,contribution_type,method
4155,research_type,validation_research
4155,evaluation_strategy,benchmark
4155,human_role,fully_autonomous
4155,venue_type,preprint
4157,loop_mechanism,budget_and_termination_control
4157,contribution_type,method
4157,research_type,validation_research
4157,evaluation_strategy,benchmark
4157,human_role,fully_autonomous
4157,venue_type,preprint
4162,loop_mechanism,verification_and_gating
4162,contribution_type,tool
4162,research_type,solution_proposal
4162,evaluation_strategy,none
4162,human_role,human_on_the_loop
4162,venue_type,preprint
4172,loop_mechanism,loop_evaluation_and_diagnosis
4172,contribution_type,tool
4172,research_type,validation_research
4172,evaluation_strategy,benchmark
4172,human_role,fully_autonomous
4172,venue_type,preprint
4178,loop_mechanism,loop_evaluation_and_diagnosis
4178,contribution_type,tool
4178,research_type,validation_research
4178,evaluation_strategy,benchmark
4178,human_role,human_in_the_loop
4178,venue_type,preprint
4180,loop_mechanism,planning_and_control_flow
4180,contribution_type,method
4180,research_type,validation_research
4180,evaluation_strategy,benchmark
4180,human_role,fully_autonomous
4180,venue_type,preprint
4182,loop_mechanism,memory_and_context_management
4182,contribution_type,method
4182,research_type,validation_research
4182,evaluation_strategy,benchmark
4182,human_role,fully_autonomous
4182,venue_type,preprint
4185,loop_mechanism,planning_and_control_flow
4185,contribution_type,model
4185,research_type,validation_research
4185,evaluation_strategy,benchmark
4185,human_role,human_in_the_loop
4185,venue_type,preprint
4192,loop_mechanism,planning_and_control_flow
4192,contribution_type,method
4192,research_type,validation_research
4192,evaluation_strategy,benchmark
4192,human_role,fully_autonomous
4192,venue_type,preprint
4194,loop_mechanism,critique_and_revision
4194,contribution_type,method
4194,research_type,validation_research
4194,evaluation_strategy,benchmark
4194,human_role,fully_autonomous
4194,venue_type,preprint
4203,loop_mechanism,loop_evaluation_and_diagnosis
4203,contribution_type,model
4203,research_type,validation_research
4203,evaluation_strategy,benchmark
4203,human_role,fully_autonomous
4203,venue_type,preprint
4209,loop_mechanism,critique_and_revision
4209,contribution_type,method
4209,research_type,validation_research
4209,evaluation_strategy,benchmark
4209,human_role,fully_autonomous
4209,venue_type,preprint
4212,loop_mechanism,multi_agent_coordination
4212,contribution_type,method
4212,research_type,validation_research
4212,evaluation_strategy,benchmark
4212,human_role,fully_autonomous
4212,venue_type,preprint
4213,loop_mechanism,loop_evaluation_and_diagnosis
4213,contribution_type,metric
4213,research_type,validation_research
4213,evaluation_strategy,controlled_experiment
4213,human_role,fully_autonomous
4213,venue_type,preprint
4235,loop_mechanism,planning_and_control_flow
4235,contribution_type,method
4235,research_type,validation_research
4235,evaluation_strategy,controlled_experiment
4235,human_role,fully_autonomous
4235,venue_type,preprint
4239,loop_mechanism,deliberative_search
4239,contribution_type,method
4239,research_type,validation_research
4239,evaluation_strategy,controlled_experiment
4239,human_role,fully_autonomous
4239,venue_type,preprint
4240,loop_mechanism,memory_and_context_management
4240,contribution_type,method
4240,research_type,validation_research
4240,evaluation_strategy,controlled_experiment
4240,human_role,fully_autonomous
4240,venue_type,preprint
4242,loop_mechanism,verification_and_gating
4242,contribution_type,method
4242,research_type,validation_research
4242,evaluation_strategy,controlled_experiment
4242,human_role,fully_autonomous
4242,venue_type,preprint
4248,loop_mechanism,verification_and_gating
4248,contribution_type,method
4248,research_type,validation_research
4248,evaluation_strategy,human_study
4248,human_role,human_in_the_loop
4248,venue_type,preprint
4249,loop_mechanism,multi_agent_coordination
4249,contribution_type,model
4249,research_type,validation_research
4249,evaluation_strategy,controlled_experiment
4249,human_role,fully_autonomous
4249,venue_type,preprint
4251,loop_mechanism,memory_and_context_management
4251,contribution_type,method
4251,research_type,validation_research
4251,evaluation_strategy,benchmark
4251,human_role,fully_autonomous
4251,venue_type,preprint
4286,loop_mechanism,multi_agent_coordination
4286,contribution_type,tool
4286,research_type,evaluation_research
4286,evaluation_strategy,case_study
4286,human_role,human_in_the_loop
4286,venue_type,journal
4299,loop_mechanism,planning_and_control_flow
4299,contribution_type,method
4299,research_type,validation_research
4299,evaluation_strategy,benchmark
4299,human_role,fully_autonomous
4299,venue_type,preprint
4308,loop_mechanism,verification_and_gating
4308,contribution_type,tool
4308,research_type,validation_research
4308,evaluation_strategy,controlled_experiment
4308,human_role,fully_autonomous
4308,venue_type,preprint
4311,loop_mechanism,planning_and_control_flow
4311,contribution_type,method
4311,research_type,validation_research
4311,evaluation_strategy,benchmark
4311,human_role,fully_autonomous
4311,venue_type,preprint
4318,loop_mechanism,loop_evaluation_and_diagnosis
4318,contribution_type,model
4318,research_type,validation_research
4318,evaluation_strategy,controlled_experiment
4318,human_role,fully_autonomous
4318,venue_type,preprint
4320,loop_mechanism,verification_and_gating
4320,contribution_type,metric
4320,research_type,validation_research
4320,evaluation_strategy,benchmark
4320,human_role,fully_autonomous
4320,venue_type,preprint
4324,loop_mechanism,loop_evaluation_and_diagnosis
4324,contribution_type,model
4324,research_type,validation_research
4324,evaluation_strategy,benchmark
4324,human_role,human_in_the_loop
4324,venue_type,preprint
4327,loop_mechanism,verification_and_gating
4327,contribution_type,tool
4327,research_type,validation_research
4327,evaluation_strategy,controlled_experiment
4327,human_role,fully_autonomous
4327,venue_type,preprint
4332,loop_mechanism,loop_evaluation_and_diagnosis
4332,contribution_type,model
4332,research_type,philosophical_paper
4332,evaluation_strategy,none
4332,human_role,not_specified
4332,venue_type,preprint
4333,loop_mechanism,budget_and_termination_control
4333,contribution_type,method
4333,research_type,validation_research
4333,evaluation_strategy,benchmark
4333,human_role,fully_autonomous
4333,venue_type,preprint
4335,loop_mechanism,planning_and_control_flow
4335,contribution_type,method
4335,research_type,validation_research
4335,evaluation_strategy,benchmark
4335,human_role,fully_autonomous
4335,venue_type,preprint
4347,loop_mechanism,planning_and_control_flow
4347,contribution_type,method
4347,research_type,validation_research
4347,evaluation_strategy,benchmark
4347,human_role,fully_autonomous
4347,venue_type,preprint
4356,loop_mechanism,budget_and_termination_control
4356,contribution_type,method
4356,research_type,validation_research
4356,evaluation_strategy,benchmark
4356,human_role,fully_autonomous
4356,venue_type,preprint
4360,loop_mechanism,deliberative_search
4360,contribution_type,method
4360,research_type,validation_research
4360,evaluation_strategy,benchmark
4360,human_role,fully_autonomous
4360,venue_type,preprint
4572,loop_mechanism,memory_and_context_management
4572,contribution_type,method
4572,research_type,validation_research
4572,evaluation_strategy,benchmark
4572,human_role,not_specified
4572,venue_type,preprint
4573,loop_mechanism,memory_and_context_management
4573,contribution_type,method
4573,research_type,validation_research
4573,evaluation_strategy,benchmark
4573,human_role,not_specified
4573,venue_type,preprint
4580,loop_mechanism,memory_and_context_management
4580,contribution_type,method
4580,research_type,validation_research
4580,evaluation_strategy,benchmark
4580,human_role,not_specified
4580,venue_type,preprint
4596,loop_mechanism,planning_and_control_flow
4596,contribution_type,model
4596,research_type,philosophical_paper
4596,evaluation_strategy,none
4596,human_role,not_specified
4596,venue_type,preprint
4598,loop_mechanism,verification_and_gating
4598,contribution_type,method
4598,research_type,validation_research
4598,evaluation_strategy,benchmark
4598,human_role,not_specified
4598,venue_type,preprint
4612,loop_mechanism,loop_evaluation_and_diagnosis
4612,contribution_type,tool
4612,research_type,validation_research
4612,evaluation_strategy,benchmark
4612,human_role,not_specified
4612,venue_type,preprint
4613,loop_mechanism,memory_and_context_management
4613,contribution_type,model
4613,research_type,philosophical_paper
4613,evaluation_strategy,illustrative_example
4613,human_role,not_specified
4613,venue_type,preprint
4615,loop_mechanism,self_evolution
4615,contribution_type,method
4615,research_type,validation_research
4615,evaluation_strategy,benchmark
4615,human_role,human_in_the_loop
4615,venue_type,preprint
4617,loop_mechanism,budget_and_termination_control
4617,contribution_type,tool
4617,research_type,evaluation_research
4617,evaluation_strategy,case_study
4617,human_role,fully_autonomous
4617,venue_type,preprint
4619,loop_mechanism,memory_and_context_management
4619,contribution_type,method
4619,research_type,validation_research
4619,evaluation_strategy,controlled_experiment
4619,human_role,not_specified
4619,venue_type,preprint
4624,loop_mechanism,loop_evaluation_and_diagnosis
4624,contribution_type,metric
4624,research_type,validation_research
4624,evaluation_strategy,controlled_experiment
4624,human_role,not_specified
4624,venue_type,preprint
4632,loop_mechanism,self_evolution
4632,contribution_type,tool
4632,research_type,validation_research
4632,evaluation_strategy,benchmark
4632,human_role,not_specified
4632,venue_type,preprint
4643,loop_mechanism,memory_and_context_management
4643,contribution_type,model
4643,research_type,solution_proposal
4643,evaluation_strategy,none
4643,human_role,not_specified
4643,venue_type,preprint
4644,loop_mechanism,memory_and_context_management
4644,contribution_type,method
4644,research_type,validation_research
4644,evaluation_strategy,benchmark
4644,human_role,not_specified
4644,venue_type,preprint
4659,loop_mechanism,memory_and_context_management
4659,contribution_type,model
4659,research_type,solution_proposal
4659,evaluation_strategy,illustrative_example
4659,human_role,not_specified
4659,venue_type,preprint
4660,loop_mechanism,multi_agent_coordination
4660,contribution_type,model
4660,research_type,solution_proposal
4660,evaluation_strategy,none
4660,human_role,fully_autonomous
4660,venue_type,preprint
4665,loop_mechanism,verification_and_gating
4665,contribution_type,method
4665,research_type,validation_research
4665,evaluation_strategy,benchmark
4665,human_role,not_specified
4665,venue_type,preprint
4669,loop_mechanism,loop_evaluation_and_diagnosis
4669,contribution_type,tool
4669,research_type,validation_research
4669,evaluation_strategy,benchmark
4669,human_role,human_in_the_loop
4669,venue_type,preprint
4673,loop_mechanism,loop_evaluation_and_diagnosis
4673,contribution_type,tool
4673,research_type,validation_research
4673,evaluation_strategy,benchmark
4673,human_role,not_specified
4673,venue_type,preprint
4684,loop_mechanism,verification_and_gating
4684,contribution_type,tool
4684,research_type,solution_proposal
4684,evaluation_strategy,none
4684,human_role,human_on_the_loop
4684,venue_type,preprint
4686,loop_mechanism,loop_evaluation_and_diagnosis
4686,contribution_type,metric
4686,research_type,validation_research
4686,evaluation_strategy,benchmark
4686,human_role,not_specified
4686,venue_type,preprint
4687,loop_mechanism,loop_evaluation_and_diagnosis
4687,contribution_type,model
4687,research_type,philosophical_paper
4687,evaluation_strategy,illustrative_example
4687,human_role,not_specified
4687,venue_type,preprint
4704,loop_mechanism,self_evolution
4704,contribution_type,method
4704,research_type,validation_research
4704,evaluation_strategy,controlled_experiment
4704,human_role,fully_autonomous
4704,venue_type,preprint
4714,loop_mechanism,memory_and_context_management
4714,contribution_type,tool
4714,research_type,validation_research
4714,evaluation_strategy,benchmark
4714,human_role,not_specified
4714,venue_type,preprint
4719,loop_mechanism,self_evolution
4719,contribution_type,tool
4719,research_type,validation_research
4719,evaluation_strategy,benchmark
4719,human_role,human_on_the_loop
4719,venue_type,preprint
4742,loop_mechanism,memory_and_context_management
4742,contribution_type,method
4742,research_type,validation_research
4742,evaluation_strategy,benchmark
4742,human_role,fully_autonomous
4742,venue_type,preprint
4746,loop_mechanism,memory_and_context_management
4746,contribution_type,method
4746,research_type,validation_research
4746,evaluation_strategy,benchmark
4746,human_role,not_specified
4746,venue_type,preprint
4816,loop_mechanism,memory_and_context_management
4816,contribution_type,tool
4816,research_type,solution_proposal
4816,evaluation_strategy,illustrative_example
4816,human_role,not_specified
4816,venue_type,preprint
4822,loop_mechanism,memory_and_context_management
4822,contribution_type,method
4822,research_type,validation_research
4822,evaluation_strategy,benchmark
4822,human_role,not_specified
4822,venue_type,preprint
4830,loop_mechanism,memory_and_context_management
4830,contribution_type,method
4830,research_type,validation_research
4830,evaluation_strategy,controlled_experiment
4830,human_role,not_specified
4830,venue_type,preprint
4833,loop_mechanism,memory_and_context_management
4833,contribution_type,tool
4833,research_type,validation_research
4833,evaluation_strategy,benchmark
4833,human_role,not_specified
4833,venue_type,preprint
4836,loop_mechanism,memory_and_context_management
4836,contribution_type,tool
4836,research_type,validation_research
4836,evaluation_strategy,benchmark
4836,human_role,not_specified
4836,venue_type,preprint
4856,loop_mechanism,verification_and_gating
4856,contribution_type,model
4856,research_type,validation_research
4856,evaluation_strategy,controlled_experiment
4856,human_role,human_in_the_loop
4856,venue_type,preprint
4861,loop_mechanism,memory_and_context_management
4861,contribution_type,method
4861,research_type,validation_research
4861,evaluation_strategy,benchmark
4861,human_role,not_specified
4861,venue_type,preprint
4886,loop_mechanism,memory_and_context_management
4886,contribution_type,method
4886,research_type,validation_research
4886,evaluation_strategy,benchmark
4886,human_role,not_specified
4886,venue_type,preprint
4916,loop_mechanism,loop_evaluation_and_diagnosis
4916,contribution_type,metric
4916,research_type,validation_research
4916,evaluation_strategy,controlled_experiment
4916,human_role,not_specified
4916,venue_type,preprint
4944,loop_mechanism,memory_and_context_management
4944,contribution_type,method
4944,research_type,validation_research
4944,evaluation_strategy,benchmark
4944,human_role,not_specified
4944,venue_type,preprint
4957,loop_mechanism,memory_and_context_management
4957,contribution_type,method
4957,research_type,validation_research
4957,evaluation_strategy,benchmark
4957,human_role,not_specified
4957,venue_type,preprint
4960,loop_mechanism,verification_and_gating
4960,contribution_type,method
4960,research_type,validation_research
4960,evaluation_strategy,benchmark
4960,human_role,not_specified
4960,venue_type,preprint
4963,loop_mechanism,memory_and_context_management
4963,contribution_type,tool
4963,research_type,validation_research
4963,evaluation_strategy,benchmark
4963,human_role,not_specified
4963,venue_type,preprint
4970,loop_mechanism,deliberative_search
4970,contribution_type,method
4970,research_type,validation_research
4970,evaluation_strategy,benchmark
4970,human_role,not_specified
4970,venue_type,preprint
4971,loop_mechanism,loop_evaluation_and_diagnosis
4971,contribution_type,tool
4971,research_type,validation_research
4971,evaluation_strategy,benchmark
4971,human_role,not_specified
4971,venue_type,preprint
4974,loop_mechanism,verification_and_gating
4974,contribution_type,tool
4974,research_type,validation_research
4974,evaluation_strategy,benchmark
4974,human_role,not_specified
4974,venue_type,preprint
4975,loop_mechanism,memory_and_context_management
4975,contribution_type,tool
4975,research_type,validation_research
4975,evaluation_strategy,benchmark
4975,human_role,not_specified
4975,venue_type,preprint
4977,loop_mechanism,memory_and_context_management
4977,contribution_type,method
4977,research_type,validation_research
4977,evaluation_strategy,benchmark
4977,human_role,not_specified
4977,venue_type,preprint
4978,loop_mechanism,memory_and_context_management
4978,contribution_type,method
4978,research_type,validation_research
4978,evaluation_strategy,benchmark
4978,human_role,not_specified
4978,venue_type,preprint
4979,loop_mechanism,planning_and_control_flow
4979,contribution_type,method
4979,research_type,validation_research
4979,evaluation_strategy,benchmark
4979,human_role,not_specified
4979,venue_type,preprint
4981,loop_mechanism,memory_and_context_management
4981,contribution_type,method
4981,research_type,validation_research
4981,evaluation_strategy,benchmark
4981,human_role,fully_autonomous
4981,venue_type,preprint
4983,loop_mechanism,memory_and_context_management
4983,contribution_type,method
4983,research_type,validation_research
4983,evaluation_strategy,benchmark
4983,human_role,fully_autonomous
4983,venue_type,preprint
4986,loop_mechanism,verification_and_gating
4986,contribution_type,model
4986,research_type,validation_research
4986,evaluation_strategy,benchmark
4986,human_role,fully_autonomous
4986,venue_type,preprint
4988,loop_mechanism,verification_and_gating
4988,contribution_type,method
4988,research_type,validation_research
4988,evaluation_strategy,controlled_experiment
4988,human_role,fully_autonomous
4988,venue_type,preprint
4992,loop_mechanism,memory_and_context_management
4992,contribution_type,method
4992,research_type,validation_research
4992,evaluation_strategy,benchmark
4992,human_role,fully_autonomous
4992,venue_type,preprint
4998,loop_mechanism,loop_evaluation_and_diagnosis
4998,contribution_type,model
4998,research_type,validation_research
4998,evaluation_strategy,benchmark
4998,human_role,fully_autonomous
4998,venue_type,preprint
5002,loop_mechanism,memory_and_context_management
5002,contribution_type,model
5002,research_type,solution_proposal
5002,evaluation_strategy,none
5002,human_role,not_specified
5002,venue_type,preprint
5007,loop_mechanism,memory_and_context_management
5007,contribution_type,method
5007,research_type,validation_research
5007,evaluation_strategy,benchmark
5007,human_role,fully_autonomous
5007,venue_type,preprint
5010,loop_mechanism,deliberative_search
5010,contribution_type,method
5010,research_type,validation_research
5010,evaluation_strategy,benchmark
5010,human_role,fully_autonomous
5010,venue_type,preprint
5011,loop_mechanism,self_evolution
5011,contribution_type,method
5011,research_type,validation_research
5011,evaluation_strategy,benchmark
5011,human_role,fully_autonomous
5011,venue_type,preprint
5017,loop_mechanism,self_evolution
5017,contribution_type,method
5017,research_type,validation_research
5017,evaluation_strategy,benchmark
5017,human_role,fully_autonomous
5017,venue_type,preprint
5019,loop_mechanism,loop_evaluation_and_diagnosis
5019,contribution_type,tool
5019,research_type,validation_research
5019,evaluation_strategy,benchmark
5019,human_role,not_specified
5019,venue_type,preprint
5024,loop_mechanism,loop_evaluation_and_diagnosis
5024,contribution_type,model
5024,research_type,validation_research
5024,evaluation_strategy,controlled_experiment
5024,human_role,fully_autonomous
5024,venue_type,preprint
5025,loop_mechanism,deliberative_search
5025,contribution_type,method
5025,research_type,validation_research
5025,evaluation_strategy,benchmark
5025,human_role,fully_autonomous
5025,venue_type,preprint
5026,loop_mechanism,memory_and_context_management
5026,contribution_type,method
5026,research_type,validation_research
5026,evaluation_strategy,benchmark
5026,human_role,fully_autonomous
5026,venue_type,preprint
5036,loop_mechanism,loop_evaluation_and_diagnosis
5036,contribution_type,metric
5036,research_type,validation_research
5036,evaluation_strategy,benchmark
5036,human_role,not_specified
5036,venue_type,preprint
5039,loop_mechanism,self_evolution
5039,contribution_type,method
5039,research_type,validation_research
5039,evaluation_strategy,case_study
5039,human_role,fully_autonomous
5039,venue_type,preprint
5047,loop_mechanism,memory_and_context_management
5047,contribution_type,method
5047,research_type,validation_research
5047,evaluation_strategy,benchmark
5047,human_role,fully_autonomous
5047,venue_type,preprint
5051,loop_mechanism,loop_evaluation_and_diagnosis
5051,contribution_type,model
5051,research_type,philosophical_paper
5051,evaluation_strategy,case_study
5051,human_role,not_specified
5051,venue_type,preprint
5055,loop_mechanism,memory_and_context_management
5055,contribution_type,method
5055,research_type,validation_research
5055,evaluation_strategy,benchmark
5055,human_role,fully_autonomous
5055,venue_type,preprint
5064,loop_mechanism,memory_and_context_management
5064,contribution_type,method
5064,research_type,validation_research
5064,evaluation_strategy,benchmark
5064,human_role,fully_autonomous
5064,venue_type,preprint
5069,loop_mechanism,memory_and_context_management
5069,contribution_type,tool
5069,research_type,validation_research
5069,evaluation_strategy,benchmark
5069,human_role,fully_autonomous
5069,venue_type,preprint
5073,loop_mechanism,self_evolution
5073,contribution_type,method
5073,research_type,validation_research
5073,evaluation_strategy,benchmark
5073,human_role,fully_autonomous
5073,venue_type,preprint
5081,loop_mechanism,memory_and_context_management
5081,contribution_type,method
5081,research_type,validation_research
5081,evaluation_strategy,controlled_experiment
5081,human_role,human_in_the_loop
5081,venue_type,preprint
5092,loop_mechanism,memory_and_context_management
5092,contribution_type,model
5092,research_type,validation_research
5092,evaluation_strategy,controlled_experiment
5092,human_role,fully_autonomous
5092,venue_type,preprint
5093,loop_mechanism,memory_and_context_management
5093,contribution_type,method
5093,research_type,validation_research
5093,evaluation_strategy,benchmark
5093,human_role,fully_autonomous
5093,venue_type,preprint
5095,loop_mechanism,memory_and_context_management
5095,contribution_type,method
5095,research_type,validation_research
5095,evaluation_strategy,benchmark
5095,human_role,fully_autonomous
5095,venue_type,preprint
5101,loop_mechanism,memory_and_context_management
5101,contribution_type,method
5101,research_type,validation_research
5101,evaluation_strategy,benchmark
5101,human_role,fully_autonomous
5101,venue_type,preprint
5103,loop_mechanism,loop_evaluation_and_diagnosis
5103,contribution_type,method
5103,research_type,validation_research
5103,evaluation_strategy,benchmark
5103,human_role,fully_autonomous
5103,venue_type,preprint
5106,loop_mechanism,memory_and_context_management
5106,contribution_type,tool
5106,research_type,validation_research
5106,evaluation_strategy,controlled_experiment
5106,human_role,fully_autonomous
5106,venue_type,preprint
5110,loop_mechanism,memory_and_context_management
5110,contribution_type,tool
5110,research_type,validation_research
5110,evaluation_strategy,benchmark
5110,human_role,fully_autonomous
5110,venue_type,preprint
5111,loop_mechanism,memory_and_context_management
5111,contribution_type,method
5111,research_type,validation_research
5111,evaluation_strategy,benchmark
5111,human_role,human_in_the_loop
5111,venue_type,preprint
5128,loop_mechanism,multi_agent_coordination
5128,contribution_type,method
5128,research_type,validation_research
5128,evaluation_strategy,benchmark
5128,human_role,fully_autonomous
5128,venue_type,preprint
5129,loop_mechanism,multi_agent_coordination
5129,contribution_type,method
5129,research_type,validation_research
5129,evaluation_strategy,benchmark
5129,human_role,fully_autonomous
5129,venue_type,preprint
5143,loop_mechanism,multi_agent_coordination
5143,contribution_type,metric
5143,research_type,validation_research
5143,evaluation_strategy,benchmark
5143,human_role,fully_autonomous
5143,venue_type,preprint
5163,loop_mechanism,multi_agent_coordination
5163,contribution_type,method
5163,research_type,validation_research
5163,evaluation_strategy,benchmark
5163,human_role,fully_autonomous
5163,venue_type,preprint
5165,loop_mechanism,multi_agent_coordination
5165,contribution_type,method
5165,research_type,validation_research
5165,evaluation_strategy,benchmark
5165,human_role,fully_autonomous
5165,venue_type,preprint
5181,loop_mechanism,verification_and_gating
5181,contribution_type,method
5181,research_type,validation_research
5181,evaluation_strategy,benchmark
5181,human_role,fully_autonomous
5181,venue_type,preprint
5184,loop_mechanism,multi_agent_coordination
5184,contribution_type,method
5184,research_type,validation_research
5184,evaluation_strategy,benchmark
5184,human_role,fully_autonomous
5184,venue_type,preprint
5185,loop_mechanism,loop_evaluation_and_diagnosis
5185,contribution_type,model
5185,research_type,validation_research
5185,evaluation_strategy,benchmark
5185,human_role,fully_autonomous
5185,venue_type,preprint
5189,loop_mechanism,verification_and_gating
5189,contribution_type,method
5189,research_type,validation_research
5189,evaluation_strategy,benchmark
5189,human_role,fully_autonomous
5189,venue_type,preprint
5191,loop_mechanism,multi_agent_coordination
5191,contribution_type,method
5191,research_type,validation_research
5191,evaluation_strategy,benchmark
5191,human_role,fully_autonomous
5191,venue_type,preprint
5196,loop_mechanism,loop_evaluation_and_diagnosis
5196,contribution_type,tool
5196,research_type,validation_research
5196,evaluation_strategy,benchmark
5196,human_role,fully_autonomous
5196,venue_type,preprint
5202,loop_mechanism,multi_agent_coordination
5202,contribution_type,method
5202,research_type,validation_research
5202,evaluation_strategy,benchmark
5202,human_role,fully_autonomous
5202,venue_type,preprint
5208,loop_mechanism,multi_agent_coordination
5208,contribution_type,method
5208,research_type,validation_research
5208,evaluation_strategy,benchmark
5208,human_role,fully_autonomous
5208,venue_type,preprint
5212,loop_mechanism,multi_agent_coordination
5212,contribution_type,method
5212,research_type,validation_research
5212,evaluation_strategy,benchmark
5212,human_role,fully_autonomous
5212,venue_type,preprint
5214,loop_mechanism,multi_agent_coordination
5214,contribution_type,process
5214,research_type,validation_research
5214,evaluation_strategy,benchmark
5214,human_role,fully_autonomous
5214,venue_type,preprint
5216,loop_mechanism,multi_agent_coordination
5216,contribution_type,method
5216,research_type,validation_research
5216,evaluation_strategy,benchmark
5216,human_role,fully_autonomous
5216,venue_type,preprint
5225,loop_mechanism,planning_and_control_flow
5225,contribution_type,method
5225,research_type,validation_research
5225,evaluation_strategy,benchmark
5225,human_role,human_in_the_loop
5225,venue_type,preprint
5237,loop_mechanism,multi_agent_coordination
5237,contribution_type,metric
5237,research_type,validation_research
5237,evaluation_strategy,controlled_experiment
5237,human_role,fully_autonomous
5237,venue_type,preprint
5241,loop_mechanism,multi_agent_coordination
5241,contribution_type,model
5241,research_type,validation_research
5241,evaluation_strategy,benchmark
5241,human_role,fully_autonomous
5241,venue_type,preprint
5243,loop_mechanism,loop_evaluation_and_diagnosis
5243,contribution_type,tool
5243,research_type,validation_research
5243,evaluation_strategy,benchmark
5243,human_role,fully_autonomous
5243,venue_type,preprint
5246,loop_mechanism,multi_agent_coordination
5246,contribution_type,model
5246,research_type,validation_research
5246,evaluation_strategy,benchmark
5246,human_role,fully_autonomous
5246,venue_type,preprint
5249,loop_mechanism,multi_agent_coordination
5249,contribution_type,process
5249,research_type,validation_research
5249,evaluation_strategy,controlled_experiment
5249,human_role,fully_autonomous
5249,venue_type,preprint
5251,loop_mechanism,multi_agent_coordination
5251,contribution_type,process
5251,research_type,validation_research
5251,evaluation_strategy,benchmark
5251,human_role,fully_autonomous
5251,venue_type,preprint
5264,loop_mechanism,memory_and_context_management
5264,contribution_type,method
5264,research_type,validation_research
5264,evaluation_strategy,controlled_experiment
5264,human_role,human_in_the_loop
5264,venue_type,preprint
5271,loop_mechanism,multi_agent_coordination
5271,contribution_type,process
5271,research_type,solution_proposal
5271,evaluation_strategy,illustrative_example
5271,human_role,human_in_the_loop
5271,venue_type,preprint
5274,loop_mechanism,verification_and_gating
5274,contribution_type,method
5274,research_type,validation_research
5274,evaluation_strategy,controlled_experiment
5274,human_role,fully_autonomous
5274,venue_type,preprint
5275,loop_mechanism,multi_agent_coordination
5275,contribution_type,model
5275,research_type,validation_research
5275,evaluation_strategy,benchmark
5275,human_role,fully_autonomous
5275,venue_type,preprint
5278,loop_mechanism,multi_agent_coordination
5278,contribution_type,process
5278,research_type,validation_research
5278,evaluation_strategy,controlled_experiment
5278,human_role,fully_autonomous
5278,venue_type,preprint
5279,loop_mechanism,multi_agent_coordination
5279,contribution_type,method
5279,research_type,validation_research
5279,evaluation_strategy,benchmark
5279,human_role,fully_autonomous
5279,venue_type,preprint
5282,loop_mechanism,multi_agent_coordination
5282,contribution_type,model
5282,research_type,evaluation_research
5282,evaluation_strategy,controlled_experiment
5282,human_role,human_in_the_loop
5282,venue_type,preprint
5287,loop_mechanism,critique_and_revision
5287,contribution_type,method
5287,research_type,validation_research
5287,evaluation_strategy,benchmark
5287,human_role,fully_autonomous
5287,venue_type,preprint
5289,loop_mechanism,budget_and_termination_control
5289,contribution_type,method
5289,research_type,validation_research
5289,evaluation_strategy,benchmark
5289,human_role,fully_autonomous
5289,venue_type,preprint
5293,loop_mechanism,multi_agent_coordination
5293,contribution_type,model
5293,research_type,validation_research
5293,evaluation_strategy,controlled_experiment
5293,human_role,fully_autonomous
5293,venue_type,preprint
5302,loop_mechanism,multi_agent_coordination
5302,contribution_type,method
5302,research_type,validation_research
5302,evaluation_strategy,benchmark
5302,human_role,fully_autonomous
5302,venue_type,preprint
5304,loop_mechanism,critique_and_revision
5304,contribution_type,tool
5304,research_type,validation_research
5304,evaluation_strategy,controlled_experiment
5304,human_role,fully_autonomous
5304,venue_type,preprint
5307,loop_mechanism,verification_and_gating
5307,contribution_type,method
5307,research_type,validation_research
5307,evaluation_strategy,benchmark
5307,human_role,human_in_the_loop
5307,venue_type,preprint
5308,loop_mechanism,multi_agent_coordination
5308,contribution_type,model
5308,research_type,validation_research
5308,evaluation_strategy,benchmark
5308,human_role,fully_autonomous
5308,venue_type,preprint
5311,loop_mechanism,multi_agent_coordination
5311,contribution_type,process
5311,research_type,validation_research
5311,evaluation_strategy,controlled_experiment
5311,human_role,fully_autonomous
5311,venue_type,preprint
5312,loop_mechanism,multi_agent_coordination
5312,contribution_type,model
5312,research_type,validation_research
5312,evaluation_strategy,benchmark
5312,human_role,fully_autonomous
5312,venue_type,conference
5316,loop_mechanism,multi_agent_coordination
5316,contribution_type,model
5316,research_type,validation_research
5316,evaluation_strategy,benchmark
5316,human_role,fully_autonomous
5316,venue_type,preprint
5324,loop_mechanism,planning_and_control_flow
5324,contribution_type,tool
5324,research_type,validation_research
5324,evaluation_strategy,benchmark
5324,human_role,fully_autonomous
5324,venue_type,conference
5338,loop_mechanism,multi_agent_coordination
5338,contribution_type,tool
5338,research_type,validation_research
5338,evaluation_strategy,benchmark
5338,human_role,fully_autonomous
5338,venue_type,preprint
5349,loop_mechanism,multi_agent_coordination
5349,contribution_type,method
5349,research_type,validation_research
5349,evaluation_strategy,benchmark
5349,human_role,fully_autonomous
5349,venue_type,preprint
5353,loop_mechanism,multi_agent_coordination
5353,contribution_type,model
5353,research_type,philosophical_paper
5353,evaluation_strategy,none
5353,human_role,not_specified
5353,venue_type,preprint
5357,loop_mechanism,multi_agent_coordination
5357,contribution_type,method
5357,research_type,validation_research
5357,evaluation_strategy,benchmark
5357,human_role,fully_autonomous
5357,venue_type,preprint
5368,loop_mechanism,multi_agent_coordination
5368,contribution_type,method
5368,research_type,validation_research
5368,evaluation_strategy,benchmark
5368,human_role,fully_autonomous
5368,venue_type,journal
5383,loop_mechanism,multi_agent_coordination
5383,contribution_type,method
5383,research_type,validation_research
5383,evaluation_strategy,benchmark
5383,human_role,fully_autonomous
5383,venue_type,preprint
5409,loop_mechanism,self_evolution
5409,contribution_type,method
5409,research_type,validation_research
5409,evaluation_strategy,benchmark
5409,human_role,fully_autonomous
5409,venue_type,conference
5420,loop_mechanism,multi_agent_coordination
5420,contribution_type,method
5420,research_type,validation_research
5420,evaluation_strategy,benchmark
5420,human_role,fully_autonomous
5420,venue_type,preprint
5432,loop_mechanism,multi_agent_coordination
5432,contribution_type,method
5432,research_type,validation_research
5432,evaluation_strategy,benchmark
5432,human_role,fully_autonomous
5432,venue_type,preprint
5445,loop_mechanism,multi_agent_coordination
5445,contribution_type,method
5445,research_type,validation_research
5445,evaluation_strategy,benchmark
5445,human_role,fully_autonomous
5445,venue_type,preprint
5449,loop_mechanism,self_evolution
5449,contribution_type,method
5449,research_type,validation_research
5449,evaluation_strategy,benchmark
5449,human_role,fully_autonomous
5449,venue_type,preprint
5454,loop_mechanism,self_evolution
5454,contribution_type,method
5454,research_type,validation_research
5454,evaluation_strategy,benchmark
5454,human_role,fully_autonomous
5454,venue_type,preprint
5456,loop_mechanism,multi_agent_coordination
5456,contribution_type,method
5456,research_type,validation_research
5456,evaluation_strategy,benchmark
5456,human_role,fully_autonomous
5456,venue_type,preprint
5462,loop_mechanism,budget_and_termination_control
5462,contribution_type,method
5462,research_type,validation_research
5462,evaluation_strategy,benchmark
5462,human_role,fully_autonomous
5462,venue_type,preprint
5464,loop_mechanism,multi_agent_coordination
5464,contribution_type,process
5464,research_type,validation_research
5464,evaluation_strategy,controlled_experiment
5464,human_role,fully_autonomous
5464,venue_type,preprint
5465,loop_mechanism,multi_agent_coordination
5465,contribution_type,method
5465,research_type,solution_proposal
5465,evaluation_strategy,controlled_experiment
5465,human_role,not_specified
5465,venue_type,preprint
5475,loop_mechanism,planning_and_control_flow
5475,contribution_type,method
5475,research_type,validation_research
5475,evaluation_strategy,benchmark
5475,human_role,fully_autonomous
5475,venue_type,preprint
5480,loop_mechanism,multi_agent_coordination
5480,contribution_type,model
5480,research_type,validation_research
5480,evaluation_strategy,controlled_experiment
5480,human_role,fully_autonomous
5480,venue_type,preprint
5483,loop_mechanism,multi_agent_coordination
5483,contribution_type,method
5483,research_type,validation_research
5483,evaluation_strategy,benchmark
5483,human_role,fully_autonomous
5483,venue_type,preprint
5484,loop_mechanism,multi_agent_coordination
5484,contribution_type,model
5484,research_type,validation_research
5484,evaluation_strategy,controlled_experiment
5484,human_role,fully_autonomous
5484,venue_type,preprint
5485,loop_mechanism,multi_agent_coordination
5485,contribution_type,method
5485,research_type,validation_research
5485,evaluation_strategy,benchmark
5485,human_role,fully_autonomous
5485,venue_type,preprint
5487,loop_mechanism,multi_agent_coordination
5487,contribution_type,model
5487,research_type,validation_research
5487,evaluation_strategy,benchmark
5487,human_role,fully_autonomous
5487,venue_type,preprint
5488,loop_mechanism,self_evolution
5488,contribution_type,method
5488,research_type,validation_research
5488,evaluation_strategy,benchmark
5488,human_role,fully_autonomous
5488,venue_type,preprint
5489,loop_mechanism,verification_and_gating
5489,contribution_type,model
5489,research_type,solution_proposal
5489,evaluation_strategy,case_study
5489,human_role,human_in_the_loop
5489,venue_type,preprint
5610,loop_mechanism,planning_and_control_flow
5610,contribution_type,method
5610,research_type,validation_research
5610,evaluation_strategy,case_study
5610,human_role,fully_autonomous
5610,venue_type,preprint
5631,loop_mechanism,critique_and_revision
5631,contribution_type,method
5631,research_type,validation_research
5631,evaluation_strategy,controlled_experiment
5631,human_role,fully_autonomous
5631,venue_type,preprint
5645,loop_mechanism,loop_evaluation_and_diagnosis
5645,contribution_type,model
5645,research_type,evaluation_research
5645,evaluation_strategy,case_study
5645,human_role,not_specified
5645,venue_type,preprint
5680,loop_mechanism,loop_evaluation_and_diagnosis
5680,contribution_type,tool
5680,research_type,validation_research
5680,evaluation_strategy,benchmark
5680,human_role,fully_autonomous
5680,venue_type,preprint
5682,loop_mechanism,verification_and_gating
5682,contribution_type,tool
5682,research_type,validation_research
5682,evaluation_strategy,controlled_experiment
5682,human_role,fully_autonomous
5682,venue_type,preprint
5688,loop_mechanism,planning_and_control_flow
5688,contribution_type,tool
5688,research_type,validation_research
5688,evaluation_strategy,benchmark
5688,human_role,fully_autonomous
5688,venue_type,preprint
5755,loop_mechanism,verification_and_gating
5755,contribution_type,tool
5755,research_type,solution_proposal
5755,evaluation_strategy,none
5755,human_role,fully_autonomous
5755,venue_type,conference
5773,loop_mechanism,critique_and_revision
5773,contribution_type,method
5773,research_type,validation_research
5773,evaluation_strategy,controlled_experiment
5773,human_role,fully_autonomous
5773,venue_type,preprint
5829,loop_mechanism,multi_agent_coordination
5829,contribution_type,model
5829,research_type,solution_proposal
5829,evaluation_strategy,illustrative_example
5829,human_role,human_in_the_loop
5829,venue_type,journal
5836,loop_mechanism,multi_agent_coordination
5836,contribution_type,method
5836,research_type,validation_research
5836,evaluation_strategy,controlled_experiment
5836,human_role,fully_autonomous
5836,venue_type,preprint
5838,loop_mechanism,planning_and_control_flow
5838,contribution_type,tool
5838,research_type,validation_research
5838,evaluation_strategy,benchmark
5838,human_role,fully_autonomous
5838,venue_type,preprint
5843,loop_mechanism,planning_and_control_flow
5843,contribution_type,tool
5843,research_type,validation_research
5843,evaluation_strategy,controlled_experiment
5843,human_role,human_on_the_loop
5843,venue_type,conference
5845,loop_mechanism,loop_evaluation_and_diagnosis
5845,contribution_type,tool
5845,research_type,validation_research
5845,evaluation_strategy,benchmark
5845,human_role,fully_autonomous
5845,venue_type,preprint
5860,loop_mechanism,budget_and_termination_control
5860,contribution_type,tool
5860,research_type,validation_research
5860,evaluation_strategy,benchmark
5860,human_role,fully_autonomous
5860,venue_type,preprint
5863,loop_mechanism,loop_evaluation_and_diagnosis
5863,contribution_type,metric
5863,research_type,validation_research
5863,evaluation_strategy,benchmark
5863,human_role,fully_autonomous
5863,venue_type,preprint
5865,loop_mechanism,multi_agent_coordination
5865,contribution_type,model
5865,research_type,validation_research
5865,evaluation_strategy,controlled_experiment
5865,human_role,fully_autonomous
5865,venue_type,preprint
5868,loop_mechanism,verification_and_gating
5868,contribution_type,tool
5868,research_type,validation_research
5868,evaluation_strategy,ablation
5868,human_role,fully_autonomous
5868,venue_type,preprint
5899,loop_mechanism,planning_and_control_flow
5899,contribution_type,tool
5899,research_type,validation_research
5899,evaluation_strategy,benchmark
5899,human_role,fully_autonomous
5899,venue_type,preprint
5904,loop_mechanism,budget_and_termination_control
5904,contribution_type,method
5904,research_type,validation_research
5904,evaluation_strategy,benchmark
5904,human_role,fully_autonomous
5904,venue_type,preprint
5909,loop_mechanism,planning_and_control_flow
5909,contribution_type,method
5909,research_type,validation_research
5909,evaluation_strategy,benchmark
5909,human_role,fully_autonomous
5909,venue_type,preprint
5913,loop_mechanism,loop_evaluation_and_diagnosis
5913,contribution_type,tool
5913,research_type,validation_research
5913,evaluation_strategy,benchmark
5913,human_role,fully_autonomous
5913,venue_type,preprint
5918,loop_mechanism,loop_evaluation_and_diagnosis
5918,contribution_type,tool
5918,research_type,validation_research
5918,evaluation_strategy,benchmark
5918,human_role,fully_autonomous
5918,venue_type,preprint
5928,loop_mechanism,loop_evaluation_and_diagnosis
5928,contribution_type,tool
5928,research_type,validation_research
5928,evaluation_strategy,controlled_experiment
5928,human_role,fully_autonomous
5928,venue_type,preprint
5930,loop_mechanism,planning_and_control_flow
5930,contribution_type,method
5930,research_type,validation_research
5930,evaluation_strategy,controlled_experiment
5930,human_role,fully_autonomous
5930,venue_type,preprint
5931,loop_mechanism,multi_agent_coordination
5931,contribution_type,model
5931,research_type,validation_research
5931,evaluation_strategy,controlled_experiment
5931,human_role,fully_autonomous
5931,venue_type,preprint
5934,loop_mechanism,self_evolution
5934,contribution_type,method
5934,research_type,validation_research
5934,evaluation_strategy,benchmark
5934,human_role,fully_autonomous
5934,venue_type,preprint
5940,loop_mechanism,planning_and_control_flow
5940,contribution_type,tool
5940,research_type,validation_research
5940,evaluation_strategy,benchmark
5940,human_role,fully_autonomous
5940,venue_type,preprint
5942,loop_mechanism,loop_evaluation_and_diagnosis
5942,contribution_type,tool
5942,research_type,validation_research
5942,evaluation_strategy,benchmark
5942,human_role,fully_autonomous
5942,venue_type,preprint
5945,loop_mechanism,loop_evaluation_and_diagnosis
5945,contribution_type,metric
5945,research_type,validation_research
5945,evaluation_strategy,benchmark
5945,human_role,fully_autonomous
5945,venue_type,preprint
5962,loop_mechanism,memory_and_context_management
5962,contribution_type,method
5962,research_type,solution_proposal
5962,evaluation_strategy,none
5962,human_role,fully_autonomous
5962,venue_type,preprint
5965,loop_mechanism,planning_and_control_flow
5965,contribution_type,method
5965,research_type,validation_research
5965,evaluation_strategy,benchmark
5965,human_role,fully_autonomous
5965,venue_type,preprint
5971,loop_mechanism,planning_and_control_flow
5971,contribution_type,model
5971,research_type,validation_research
5971,evaluation_strategy,benchmark
5971,human_role,fully_autonomous
5971,venue_type,preprint
5974,loop_mechanism,memory_and_context_management
5974,contribution_type,method
5974,research_type,validation_research
5974,evaluation_strategy,benchmark
5974,human_role,fully_autonomous
5974,venue_type,preprint
5975,loop_mechanism,planning_and_control_flow
5975,contribution_type,method
5975,research_type,validation_research
5975,evaluation_strategy,benchmark
5975,human_role,fully_autonomous
5975,venue_type,preprint
5990,loop_mechanism,planning_and_control_flow
5990,contribution_type,tool
5990,research_type,validation_research
5990,evaluation_strategy,controlled_experiment
5990,human_role,fully_autonomous
5990,venue_type,preprint
5999,loop_mechanism,deliberative_search
5999,contribution_type,method
5999,research_type,validation_research
5999,evaluation_strategy,benchmark
5999,human_role,fully_autonomous
5999,venue_type,preprint
6002,loop_mechanism,planning_and_control_flow
6002,contribution_type,method
6002,research_type,validation_research
6002,evaluation_strategy,benchmark
6002,human_role,fully_autonomous
6002,venue_type,preprint
6007,loop_mechanism,verification_and_gating
6007,contribution_type,process
6007,research_type,validation_research
6007,evaluation_strategy,human_study
6007,human_role,human_in_the_loop
6007,venue_type,preprint
6010,loop_mechanism,multi_agent_coordination
6010,contribution_type,method
6010,research_type,validation_research
6010,evaluation_strategy,controlled_experiment
6010,human_role,fully_autonomous
6010,venue_type,preprint
6016,loop_mechanism,critique_and_revision
6016,contribution_type,method
6016,research_type,validation_research
6016,evaluation_strategy,benchmark
6016,human_role,fully_autonomous
6016,venue_type,preprint
6021,loop_mechanism,self_evolution
6021,contribution_type,method
6021,research_type,validation_research
6021,evaluation_strategy,benchmark
6021,human_role,fully_autonomous
6021,venue_type,preprint
6029,loop_mechanism,budget_and_termination_control
6029,contribution_type,method
6029,research_type,validation_research
6029,evaluation_strategy,benchmark
6029,human_role,fully_autonomous
6029,venue_type,preprint
6036,loop_mechanism,verification_and_gating
6036,contribution_type,method
6036,research_type,validation_research
6036,evaluation_strategy,benchmark
6036,human_role,fully_autonomous
6036,venue_type,preprint
6048,loop_mechanism,planning_and_control_flow
6048,contribution_type,tool
6048,research_type,validation_research
6048,evaluation_strategy,benchmark
6048,human_role,fully_autonomous
6048,venue_type,preprint
6060,loop_mechanism,planning_and_control_flow
6060,contribution_type,method
6060,research_type,validation_research
6060,evaluation_strategy,controlled_experiment
6060,human_role,fully_autonomous
6060,venue_type,preprint
6067,loop_mechanism,self_evolution
6067,contribution_type,method
6067,research_type,validation_research
6067,evaluation_strategy,benchmark
6067,human_role,fully_autonomous
6067,venue_type,preprint
6075,loop_mechanism,loop_evaluation_and_diagnosis
6075,contribution_type,metric
6075,research_type,validation_research
6075,evaluation_strategy,ablation
6075,human_role,fully_autonomous
6075,venue_type,preprint
6076,loop_mechanism,multi_agent_coordination
6076,contribution_type,method
6076,research_type,validation_research
6076,evaluation_strategy,benchmark
6076,human_role,fully_autonomous
6076,venue_type,preprint
6078,loop_mechanism,planning_and_control_flow
6078,contribution_type,method
6078,research_type,validation_research
6078,evaluation_strategy,benchmark
6078,human_role,fully_autonomous
6078,venue_type,preprint
6080,loop_mechanism,planning_and_control_flow
6080,contribution_type,tool
6080,research_type,validation_research
6080,evaluation_strategy,benchmark
6080,human_role,fully_autonomous
6080,venue_type,preprint
6081,loop_mechanism,planning_and_control_flow
6081,contribution_type,method
6081,research_type,validation_research
6081,evaluation_strategy,benchmark
6081,human_role,not_specified
6081,venue_type,journal
6093,loop_mechanism,planning_and_control_flow
6093,contribution_type,method
6093,research_type,validation_research
6093,evaluation_strategy,case_study
6093,human_role,human_in_the_loop
6093,venue_type,conference
6098,loop_mechanism,planning_and_control_flow
6098,contribution_type,method
6098,research_type,validation_research
6098,evaluation_strategy,controlled_experiment
6098,human_role,fully_autonomous
6098,venue_type,preprint
6118,loop_mechanism,planning_and_control_flow
6118,contribution_type,tool
6118,research_type,validation_research
6118,evaluation_strategy,benchmark
6118,human_role,fully_autonomous
6118,venue_type,preprint
6140,loop_mechanism,verification_and_gating
6140,contribution_type,tool
6140,research_type,validation_research
6140,evaluation_strategy,benchmark
6140,human_role,fully_autonomous
6140,venue_type,preprint
6141,loop_mechanism,planning_and_control_flow
6141,contribution_type,method
6141,research_type,validation_research
6141,evaluation_strategy,benchmark
6141,human_role,fully_autonomous
6141,venue_type,preprint
6156,loop_mechanism,memory_and_context_management
6156,contribution_type,tool
6156,research_type,validation_research
6156,evaluation_strategy,benchmark
6156,human_role,fully_autonomous
6156,venue_type,preprint
6162,loop_mechanism,verification_and_gating
6162,contribution_type,model
6162,research_type,validation_research
6162,evaluation_strategy,human_study
6162,human_role,human_in_the_loop
6162,venue_type,preprint
6172,loop_mechanism,planning_and_control_flow
6172,contribution_type,method
6172,research_type,validation_research
6172,evaluation_strategy,benchmark
6172,human_role,fully_autonomous
6172,venue_type,preprint
6181,loop_mechanism,planning_and_control_flow
6181,contribution_type,model
6181,research_type,validation_research
6181,evaluation_strategy,human_study
6181,human_role,human_in_the_loop
6181,venue_type,conference
6184,loop_mechanism,verification_and_gating
6184,contribution_type,method
6184,research_type,validation_research
6184,evaluation_strategy,benchmark
6184,human_role,fully_autonomous
6184,venue_type,journal
6189,loop_mechanism,planning_and_control_flow
6189,contribution_type,method
6189,research_type,validation_research
6189,evaluation_strategy,benchmark
6189,human_role,fully_autonomous
6189,venue_type,preprint
6194,loop_mechanism,verification_and_gating
6194,contribution_type,model
6194,research_type,solution_proposal
6194,evaluation_strategy,illustrative_example
6194,human_role,fully_autonomous
6194,venue_type,preprint
6196,loop_mechanism,critique_and_revision
6196,contribution_type,method
6196,research_type,solution_proposal
6196,evaluation_strategy,none
6196,human_role,fully_autonomous
6196,venue_type,preprint
6200,loop_mechanism,planning_and_control_flow
6200,contribution_type,tool
6200,research_type,validation_research
6200,evaluation_strategy,benchmark
6200,human_role,fully_autonomous
6200,venue_type,preprint
6204,loop_mechanism,self_evolution
6204,contribution_type,method
6204,research_type,validation_research
6204,evaluation_strategy,benchmark
6204,human_role,fully_autonomous
6204,venue_type,preprint
6207,loop_mechanism,self_evolution
6207,contribution_type,method
6207,research_type,validation_research
6207,evaluation_strategy,benchmark
6207,human_role,fully_autonomous
6207,venue_type,preprint
6220,loop_mechanism,planning_and_control_flow
6220,contribution_type,model
6220,research_type,validation_research
6220,evaluation_strategy,case_study
6220,human_role,fully_autonomous
6220,venue_type,preprint
6235,loop_mechanism,planning_and_control_flow
6235,contribution_type,model
6235,research_type,validation_research
6235,evaluation_strategy,benchmark
6235,human_role,fully_autonomous
6235,venue_type,preprint
6241,loop_mechanism,critique_and_revision
6241,contribution_type,method
6241,research_type,validation_research
6241,evaluation_strategy,benchmark
6241,human_role,fully_autonomous
6241,venue_type,preprint
6242,loop_mechanism,planning_and_control_flow
6242,contribution_type,model
6242,research_type,opinion_paper
6242,evaluation_strategy,none
6242,human_role,not_specified
6242,venue_type,preprint
6252,loop_mechanism,verification_and_gating
6252,contribution_type,model
6252,research_type,validation_research
6252,evaluation_strategy,benchmark
6252,human_role,fully_autonomous
6252,venue_type,preprint
6256,loop_mechanism,planning_and_control_flow
6256,contribution_type,method
6256,research_type,validation_research
6256,evaluation_strategy,benchmark
6256,human_role,fully_autonomous
6256,venue_type,preprint
6269,loop_mechanism,memory_and_context_management
6269,contribution_type,model
6269,research_type,validation_research
6269,evaluation_strategy,controlled_experiment
6269,human_role,fully_autonomous
6269,venue_type,preprint
6270,loop_mechanism,planning_and_control_flow
6270,contribution_type,method
6270,research_type,validation_research
6270,evaluation_strategy,benchmark
6270,human_role,fully_autonomous
6270,venue_type,preprint
6292,loop_mechanism,verification_and_gating
6292,contribution_type,method
6292,research_type,validation_research
6292,evaluation_strategy,benchmark
6292,human_role,fully_autonomous
6292,venue_type,preprint
6305,loop_mechanism,self_evolution
6305,contribution_type,method
6305,research_type,validation_research
6305,evaluation_strategy,benchmark
6305,human_role,fully_autonomous
6305,venue_type,preprint
6321,loop_mechanism,verification_and_gating
6321,contribution_type,metric
6321,research_type,validation_research
6321,evaluation_strategy,benchmark
6321,human_role,not_specified
6321,venue_type,preprint
6331,loop_mechanism,memory_and_context_management
6331,contribution_type,model
6331,research_type,validation_research
6331,evaluation_strategy,benchmark
6331,human_role,not_specified
6331,venue_type,preprint
6349,loop_mechanism,verification_and_gating
6349,contribution_type,method
6349,research_type,validation_research
6349,evaluation_strategy,controlled_experiment
6349,human_role,not_specified
6349,venue_type,preprint
6360,loop_mechanism,loop_evaluation_and_diagnosis
6360,contribution_type,tool
6360,research_type,validation_research
6360,evaluation_strategy,benchmark
6360,human_role,fully_autonomous
6360,venue_type,preprint
6407,loop_mechanism,critique_and_revision
6407,contribution_type,method
6407,research_type,validation_research
6407,evaluation_strategy,benchmark
6407,human_role,fully_autonomous
6407,venue_type,preprint
6410,loop_mechanism,memory_and_context_management
6410,contribution_type,model
6410,research_type,experience_paper
6410,evaluation_strategy,case_study
6410,human_role,not_specified
6410,venue_type,preprint
6432,loop_mechanism,verification_and_gating
6432,contribution_type,metric
6432,research_type,validation_research
6432,evaluation_strategy,benchmark
6432,human_role,not_specified
6432,venue_type,preprint
6445,loop_mechanism,loop_evaluation_and_diagnosis
6445,contribution_type,tool
6445,research_type,validation_research
6445,evaluation_strategy,controlled_experiment
6445,human_role,human_in_the_loop
6445,venue_type,preprint
6459,loop_mechanism,loop_evaluation_and_diagnosis
6459,contribution_type,tool
6459,research_type,validation_research
6459,evaluation_strategy,controlled_experiment
6459,human_role,not_specified
6459,venue_type,preprint
6462,loop_mechanism,multi_agent_coordination
6462,contribution_type,method
6462,research_type,validation_research
6462,evaluation_strategy,ablation
6462,human_role,fully_autonomous
6462,venue_type,preprint
6468,loop_mechanism,self_evolution
6468,contribution_type,method
6468,research_type,validation_research
6468,evaluation_strategy,benchmark
6468,human_role,fully_autonomous
6468,venue_type,preprint
6479,loop_mechanism,verification_and_gating
6479,contribution_type,model
6479,research_type,validation_research
6479,evaluation_strategy,benchmark
6479,human_role,fully_autonomous
6479,venue_type,journal
6497,loop_mechanism,loop_evaluation_and_diagnosis
6497,contribution_type,tool
6497,research_type,validation_research
6497,evaluation_strategy,benchmark
6497,human_role,fully_autonomous
6497,venue_type,journal
6498,loop_mechanism,loop_evaluation_and_diagnosis
6498,contribution_type,model
6498,research_type,validation_research
6498,evaluation_strategy,controlled_experiment
6498,human_role,fully_autonomous
6498,venue_type,preprint
6509,loop_mechanism,planning_and_control_flow
6509,contribution_type,method
6509,research_type,validation_research
6509,evaluation_strategy,benchmark
6509,human_role,fully_autonomous
6509,venue_type,preprint
6515,loop_mechanism,planning_and_control_flow
6515,contribution_type,tool
6515,research_type,validation_research
6515,evaluation_strategy,benchmark
6515,human_role,fully_autonomous
6515,venue_type,preprint
6518,loop_mechanism,verification_and_gating
6518,contribution_type,model
6518,research_type,evaluation_research
6518,evaluation_strategy,controlled_experiment
6518,human_role,human_on_the_loop
6518,venue_type,preprint
6520,loop_mechanism,loop_evaluation_and_diagnosis
6520,contribution_type,process
6520,research_type,experience_paper
6520,evaluation_strategy,case_study
6520,human_role,not_specified
6520,venue_type,preprint
6524,loop_mechanism,multi_agent_coordination
6524,contribution_type,method
6524,research_type,validation_research
6524,evaluation_strategy,benchmark
6524,human_role,fully_autonomous
6524,venue_type,preprint
6527,loop_mechanism,budget_and_termination_control
6527,contribution_type,model
6527,research_type,validation_research
6527,evaluation_strategy,controlled_experiment
6527,human_role,not_specified
6527,venue_type,journal
6532,loop_mechanism,loop_evaluation_and_diagnosis
6532,contribution_type,tool
6532,research_type,validation_research
6532,evaluation_strategy,controlled_experiment
6532,human_role,fully_autonomous
6532,venue_type,preprint
6533,loop_mechanism,loop_evaluation_and_diagnosis
6533,contribution_type,metric
6533,research_type,validation_research
6533,evaluation_strategy,controlled_experiment
6533,human_role,not_specified
6533,venue_type,preprint
6537,loop_mechanism,loop_evaluation_and_diagnosis
6537,contribution_type,tool
6537,research_type,validation_research
6537,evaluation_strategy,benchmark
6537,human_role,fully_autonomous
6537,venue_type,preprint
6540,loop_mechanism,planning_and_control_flow
6540,contribution_type,model
6540,research_type,validation_research
6540,evaluation_strategy,benchmark
6540,human_role,fully_autonomous
6540,venue_type,preprint
6545,loop_mechanism,planning_and_control_flow
6545,contribution_type,method
6545,research_type,validation_research
6545,evaluation_strategy,controlled_experiment
6545,human_role,fully_autonomous
6545,venue_type,preprint
6547,loop_mechanism,loop_evaluation_and_diagnosis
6547,contribution_type,tool
6547,research_type,validation_research
6547,evaluation_strategy,benchmark
6547,human_role,not_specified
6547,venue_type,preprint
6554,loop_mechanism,memory_and_context_management
6554,contribution_type,method
6554,research_type,validation_research
6554,evaluation_strategy,controlled_experiment
6554,human_role,human_in_the_loop
6554,venue_type,preprint
6559,loop_mechanism,loop_evaluation_and_diagnosis
6559,contribution_type,model
6559,research_type,validation_research
6559,evaluation_strategy,benchmark
6559,human_role,not_specified
6559,venue_type,journal
6562,loop_mechanism,loop_evaluation_and_diagnosis
6562,contribution_type,model
6562,research_type,validation_research
6562,evaluation_strategy,benchmark
6562,human_role,fully_autonomous
6562,venue_type,preprint
6563,loop_mechanism,loop_evaluation_and_diagnosis
6563,contribution_type,method
6563,research_type,evaluation_research
6563,evaluation_strategy,case_study
6563,human_role,fully_autonomous
6563,venue_type,preprint
6579,loop_mechanism,loop_evaluation_and_diagnosis
6579,contribution_type,tool
6579,research_type,validation_research
6579,evaluation_strategy,benchmark
6579,human_role,fully_autonomous
6579,venue_type,preprint
6580,loop_mechanism,multi_agent_coordination
6580,contribution_type,method
6580,research_type,validation_research
6580,evaluation_strategy,benchmark
6580,human_role,fully_autonomous
6580,venue_type,preprint
6581,loop_mechanism,verification_and_gating
6581,contribution_type,method
6581,research_type,validation_research
6581,evaluation_strategy,benchmark
6581,human_role,fully_autonomous
6581,venue_type,preprint
6595,loop_mechanism,verification_and_gating
6595,contribution_type,method
6595,research_type,validation_research
6595,evaluation_strategy,benchmark
6595,human_role,fully_autonomous
6595,venue_type,preprint
6600,loop_mechanism,loop_evaluation_and_diagnosis
6600,contribution_type,tool
6600,research_type,validation_research
6600,evaluation_strategy,benchmark
6600,human_role,fully_autonomous
6600,venue_type,preprint
6603,loop_mechanism,planning_and_control_flow
6603,contribution_type,model
6603,research_type,solution_proposal
6603,evaluation_strategy,illustrative_example
6603,human_role,fully_autonomous
6603,venue_type,preprint
6607,loop_mechanism,loop_evaluation_and_diagnosis
6607,contribution_type,tool
6607,research_type,validation_research
6607,evaluation_strategy,benchmark
6607,human_role,fully_autonomous
6607,venue_type,preprint
6612,loop_mechanism,multi_agent_coordination
6612,contribution_type,model
6612,research_type,opinion_paper
6612,evaluation_strategy,controlled_experiment
6612,human_role,not_specified
6612,venue_type,preprint
6620,loop_mechanism,loop_evaluation_and_diagnosis
6620,contribution_type,tool
6620,research_type,validation_research
6620,evaluation_strategy,benchmark
6620,human_role,fully_autonomous
6620,venue_type,preprint
6629,loop_mechanism,deliberative_search
6629,contribution_type,method
6629,research_type,validation_research
6629,evaluation_strategy,benchmark
6629,human_role,fully_autonomous
6629,venue_type,conference
6634,loop_mechanism,loop_evaluation_and_diagnosis
6634,contribution_type,metric
6634,research_type,evaluation_research
6634,evaluation_strategy,case_study
6634,human_role,human_in_the_loop
6634,venue_type,journal
6641,loop_mechanism,critique_and_revision
6641,contribution_type,method
6641,research_type,validation_research
6641,evaluation_strategy,benchmark
6641,human_role,fully_autonomous
6641,venue_type,preprint
6646,loop_mechanism,loop_evaluation_and_diagnosis
6646,contribution_type,tool
6646,research_type,validation_research
6646,evaluation_strategy,benchmark
6646,human_role,fully_autonomous
6646,venue_type,preprint
6647,loop_mechanism,loop_evaluation_and_diagnosis
6647,contribution_type,metric
6647,research_type,validation_research
6647,evaluation_strategy,benchmark
6647,human_role,human_on_the_loop
6647,venue_type,preprint
6649,loop_mechanism,planning_and_control_flow
6649,contribution_type,method
6649,research_type,validation_research
6649,evaluation_strategy,benchmark
6649,human_role,fully_autonomous
6649,venue_type,preprint
6656,loop_mechanism,planning_and_control_flow
6656,contribution_type,model
6656,research_type,validation_research
6656,evaluation_strategy,controlled_experiment
6656,human_role,not_specified
6656,venue_type,preprint
6661,loop_mechanism,multi_agent_coordination
6661,contribution_type,model
6661,research_type,solution_proposal
6661,evaluation_strategy,illustrative_example
6661,human_role,human_in_the_loop
6661,venue_type,preprint
6707,loop_mechanism,multi_agent_coordination
6707,contribution_type,method
6707,research_type,validation_research
6707,evaluation_strategy,controlled_experiment
6707,human_role,fully_autonomous
6707,venue_type,preprint
6752,loop_mechanism,multi_agent_coordination
6752,contribution_type,model
6752,research_type,validation_research
6752,evaluation_strategy,controlled_experiment
6752,human_role,not_specified
6752,venue_type,preprint
6763,loop_mechanism,planning_and_control_flow
6763,contribution_type,tool
6763,research_type,validation_research
6763,evaluation_strategy,controlled_experiment
6763,human_role,not_specified
6763,venue_type,preprint
6769,loop_mechanism,verification_and_gating
6769,contribution_type,method
6769,research_type,evaluation_research
6769,evaluation_strategy,case_study
6769,human_role,human_in_the_loop
6769,venue_type,preprint
6776,loop_mechanism,multi_agent_coordination
6776,contribution_type,method
6776,research_type,validation_research
6776,evaluation_strategy,controlled_experiment
6776,human_role,not_specified
6776,venue_type,preprint
6790,loop_mechanism,multi_agent_coordination
6790,contribution_type,method
6790,research_type,validation_research
6790,evaluation_strategy,controlled_experiment
6790,human_role,fully_autonomous
6790,venue_type,preprint
6794,loop_mechanism,budget_and_termination_control
6794,contribution_type,method
6794,research_type,validation_research
6794,evaluation_strategy,benchmark
6794,human_role,not_specified
6794,venue_type,preprint
6799,loop_mechanism,multi_agent_coordination
6799,contribution_type,model
6799,research_type,validation_research
6799,evaluation_strategy,ablation
6799,human_role,not_specified
6799,venue_type,preprint
6809,loop_mechanism,multi_agent_coordination
6809,contribution_type,method
6809,research_type,validation_research
6809,evaluation_strategy,controlled_experiment
6809,human_role,fully_autonomous
6809,venue_type,preprint
6816,loop_mechanism,loop_evaluation_and_diagnosis
6816,contribution_type,model
6816,research_type,validation_research
6816,evaluation_strategy,benchmark
6816,human_role,fully_autonomous
6816,venue_type,preprint
6820,loop_mechanism,loop_evaluation_and_diagnosis
6820,contribution_type,tool
6820,research_type,validation_research
6820,evaluation_strategy,controlled_experiment
6820,human_role,not_specified
6820,venue_type,preprint
6826,loop_mechanism,verification_and_gating
6826,contribution_type,model
6826,research_type,validation_research
6826,evaluation_strategy,controlled_experiment
6826,human_role,fully_autonomous
6826,venue_type,preprint
6829,loop_mechanism,verification_and_gating
6829,contribution_type,process
6829,research_type,opinion_paper
6829,evaluation_strategy,none
6829,human_role,human_on_the_loop
6829,venue_type,preprint
6830,loop_mechanism,multi_agent_coordination
6830,contribution_type,method
6830,research_type,validation_research
6830,evaluation_strategy,controlled_experiment
6830,human_role,fully_autonomous
6830,venue_type,preprint
6835,loop_mechanism,multi_agent_coordination
6835,contribution_type,method
6835,research_type,validation_research
6835,evaluation_strategy,benchmark
6835,human_role,fully_autonomous
6835,venue_type,preprint
6853,loop_mechanism,multi_agent_coordination
6853,contribution_type,method
6853,research_type,validation_research
6853,evaluation_strategy,controlled_experiment
6853,human_role,fully_autonomous
6853,venue_type,preprint
6859,loop_mechanism,multi_agent_coordination
6859,contribution_type,model
6859,research_type,validation_research
6859,evaluation_strategy,controlled_experiment
6859,human_role,fully_autonomous
6859,venue_type,preprint
6863,loop_mechanism,multi_agent_coordination
6863,contribution_type,method
6863,research_type,validation_research
6863,evaluation_strategy,controlled_experiment
6863,human_role,fully_autonomous
6863,venue_type,preprint
6865,loop_mechanism,memory_and_context_management
6865,contribution_type,tool
6865,research_type,validation_research
6865,evaluation_strategy,benchmark
6865,human_role,fully_autonomous
6865,venue_type,preprint
6888,loop_mechanism,verification_and_gating
6888,contribution_type,process
6888,research_type,evaluation_research
6888,evaluation_strategy,case_study
6888,human_role,not_specified
6888,venue_type,journal
6920,loop_mechanism,self_evolution
6920,contribution_type,method
6920,research_type,solution_proposal
6920,evaluation_strategy,none
6920,human_role,not_specified
6920,venue_type,preprint
6925,loop_mechanism,verification_and_gating
6925,contribution_type,model
6925,research_type,validation_research
6925,evaluation_strategy,controlled_experiment
6925,human_role,fully_autonomous
6925,venue_type,journal
6930,loop_mechanism,multi_agent_coordination
6930,contribution_type,model
6930,research_type,experience_paper
6930,evaluation_strategy,case_study
6930,human_role,human_in_the_loop
6930,venue_type,preprint
6937,loop_mechanism,multi_agent_coordination
6937,contribution_type,model
6937,research_type,experience_paper
6937,evaluation_strategy,case_study
6937,human_role,human_in_the_loop
6937,venue_type,preprint
6951,loop_mechanism,critique_and_revision
6951,contribution_type,method
6951,research_type,validation_research
6951,evaluation_strategy,benchmark
6951,human_role,fully_autonomous
6951,venue_type,preprint
6986,loop_mechanism,verification_and_gating
6986,contribution_type,method
6986,research_type,validation_research
6986,evaluation_strategy,controlled_experiment
6986,human_role,human_in_the_loop
6986,venue_type,conference
6988,loop_mechanism,multi_agent_coordination
6988,contribution_type,model
6988,research_type,validation_research
6988,evaluation_strategy,benchmark
6988,human_role,fully_autonomous
6988,venue_type,preprint
6992,loop_mechanism,verification_and_gating
6992,contribution_type,method
6992,research_type,validation_research
6992,evaluation_strategy,controlled_experiment
6992,human_role,human_in_the_loop
6992,venue_type,preprint
6993,loop_mechanism,verification_and_gating
6993,contribution_type,model
6993,research_type,solution_proposal
6993,evaluation_strategy,illustrative_example
6993,human_role,not_specified
6993,venue_type,preprint
6994,loop_mechanism,verification_and_gating
6994,contribution_type,model
6994,research_type,philosophical_paper
6994,evaluation_strategy,none
6994,human_role,not_specified
6994,venue_type,preprint
6998,loop_mechanism,planning_and_control_flow
6998,contribution_type,model
6998,research_type,evaluation_research
6998,evaluation_strategy,controlled_experiment
6998,human_role,not_specified
6998,venue_type,journal
7005,loop_mechanism,planning_and_control_flow
7005,contribution_type,tool
7005,research_type,validation_research
7005,evaluation_strategy,controlled_experiment
7005,human_role,human_in_the_loop
7005,venue_type,conference
7010,loop_mechanism,loop_evaluation_and_diagnosis
7010,contribution_type,metric
7010,research_type,validation_research
7010,evaluation_strategy,benchmark
7010,human_role,fully_autonomous
7010,venue_type,preprint
7022,loop_mechanism,multi_agent_coordination
7022,contribution_type,model
7022,research_type,solution_proposal
7022,evaluation_strategy,illustrative_example
7022,human_role,human_in_the_loop
7022,venue_type,journal
7023,loop_mechanism,verification_and_gating
7023,contribution_type,model
7023,research_type,solution_proposal
7023,evaluation_strategy,illustrative_example
7023,human_role,not_specified
7023,venue_type,preprint
7029,loop_mechanism,multi_agent_coordination
7029,contribution_type,model
7029,research_type,philosophical_paper
7029,evaluation_strategy,none
7029,human_role,human_on_the_loop
7029,venue_type,preprint
7039,loop_mechanism,verification_and_gating
7039,contribution_type,method
7039,research_type,validation_research
7039,evaluation_strategy,controlled_experiment
7039,human_role,fully_autonomous
7039,venue_type,preprint
7042,loop_mechanism,multi_agent_coordination
7042,contribution_type,model
7042,research_type,philosophical_paper
7042,evaluation_strategy,none
7042,human_role,not_specified
7042,venue_type,preprint
7137,loop_mechanism,deliberative_search
7137,contribution_type,method
7137,research_type,validation_research
7137,evaluation_strategy,benchmark
7137,human_role,fully_autonomous
7137,venue_type,preprint
7151,loop_mechanism,self_evolution
7151,contribution_type,method
7151,research_type,validation_research
7151,evaluation_strategy,controlled_experiment
7151,human_role,fully_autonomous
7151,venue_type,preprint
7169,loop_mechanism,critique_and_revision
7169,contribution_type,model
7169,research_type,solution_proposal
7169,evaluation_strategy,none
7169,human_role,not_specified
7169,venue_type,preprint
7181,loop_mechanism,self_evolution
7181,contribution_type,method
7181,research_type,validation_research
7181,evaluation_strategy,benchmark
7181,human_role,fully_autonomous
7181,venue_type,preprint
7186,loop_mechanism,self_evolution
7186,contribution_type,method
7186,research_type,validation_research
7186,evaluation_strategy,benchmark
7186,human_role,fully_autonomous
7186,venue_type,preprint
7197,loop_mechanism,verification_and_gating
7197,contribution_type,method
7197,research_type,validation_research
7197,evaluation_strategy,benchmark
7197,human_role,fully_autonomous
7197,venue_type,preprint
7211,loop_mechanism,budget_and_termination_control
7211,contribution_type,method
7211,research_type,validation_research
7211,evaluation_strategy,benchmark
7211,human_role,fully_autonomous
7211,venue_type,preprint
7222,loop_mechanism,critique_and_revision
7222,contribution_type,method
7222,research_type,validation_research
7222,evaluation_strategy,benchmark
7222,human_role,fully_autonomous
7222,venue_type,preprint
7236,loop_mechanism,critique_and_revision
7236,contribution_type,method
7236,research_type,validation_research
7236,evaluation_strategy,controlled_experiment
7236,human_role,fully_autonomous
7236,venue_type,preprint
7239,loop_mechanism,loop_evaluation_and_diagnosis
7239,contribution_type,metric
7239,research_type,validation_research
7239,evaluation_strategy,benchmark
7239,human_role,fully_autonomous
7239,venue_type,preprint
7245,loop_mechanism,loop_evaluation_and_diagnosis
7245,contribution_type,tool
7245,research_type,validation_research
7245,evaluation_strategy,benchmark
7245,human_role,fully_autonomous
7245,venue_type,preprint
7391,loop_mechanism,loop_evaluation_and_diagnosis
7391,contribution_type,tool
7391,research_type,validation_research
7391,evaluation_strategy,benchmark
7391,human_role,human_in_the_loop
7391,venue_type,preprint
7430,loop_mechanism,self_evolution
7430,contribution_type,method
7430,research_type,validation_research
7430,evaluation_strategy,benchmark
7430,human_role,fully_autonomous
7430,venue_type,journal
7453,loop_mechanism,memory_and_context_management
7453,contribution_type,method
7453,research_type,solution_proposal
7453,evaluation_strategy,none
7453,human_role,not_specified
7453,venue_type,preprint
7458,loop_mechanism,memory_and_context_management
7458,contribution_type,method
7458,research_type,validation_research
7458,evaluation_strategy,benchmark
7458,human_role,fully_autonomous
7458,venue_type,preprint
7461,loop_mechanism,memory_and_context_management
7461,contribution_type,method
7461,research_type,validation_research
7461,evaluation_strategy,benchmark
7461,human_role,fully_autonomous
7461,venue_type,preprint
7462,loop_mechanism,self_evolution
7462,contribution_type,method
7462,research_type,validation_research
7462,evaluation_strategy,controlled_experiment
7462,human_role,fully_autonomous
7462,venue_type,preprint
7469,loop_mechanism,self_evolution
7469,contribution_type,method
7469,research_type,validation_research
7469,evaluation_strategy,benchmark
7469,human_role,fully_autonomous
7469,venue_type,preprint
7474,loop_mechanism,self_evolution
7474,contribution_type,method
7474,research_type,validation_research
7474,evaluation_strategy,benchmark
7474,human_role,human_in_the_loop
7474,venue_type,preprint
7480,loop_mechanism,verification_and_gating
7480,contribution_type,method
7480,research_type,validation_research
7480,evaluation_strategy,controlled_experiment
7480,human_role,fully_autonomous
7480,venue_type,preprint
7515,loop_mechanism,critique_and_revision
7515,contribution_type,method
7515,research_type,validation_research
7515,evaluation_strategy,benchmark
7515,human_role,fully_autonomous
7515,venue_type,preprint
7516,loop_mechanism,verification_and_gating
7516,contribution_type,tool
7516,research_type,validation_research
7516,evaluation_strategy,controlled_experiment
7516,human_role,fully_autonomous
7516,venue_type,preprint
7535,loop_mechanism,self_evolution
7535,contribution_type,method
7535,research_type,validation_research
7535,evaluation_strategy,benchmark
7535,human_role,fully_autonomous
7535,venue_type,preprint
7536,loop_mechanism,critique_and_revision
7536,contribution_type,method
7536,research_type,validation_research
7536,evaluation_strategy,benchmark
7536,human_role,fully_autonomous
7536,venue_type,preprint
7539,loop_mechanism,critique_and_revision
7539,contribution_type,method
7539,research_type,validation_research
7539,evaluation_strategy,benchmark
7539,human_role,fully_autonomous
7539,venue_type,preprint
7581,loop_mechanism,self_evolution
7581,contribution_type,model
7581,research_type,philosophical_paper
7581,evaluation_strategy,case_study
7581,human_role,fully_autonomous
7581,venue_type,preprint
7595,loop_mechanism,self_evolution
7595,contribution_type,model
7595,research_type,solution_proposal
7595,evaluation_strategy,none
7595,human_role,not_specified
7595,venue_type,preprint
7608,loop_mechanism,self_evolution
7608,contribution_type,model
7608,research_type,solution_proposal
7608,evaluation_strategy,illustrative_example
7608,human_role,human_on_the_loop
7608,venue_type,preprint
7615,loop_mechanism,self_evolution
7615,contribution_type,model
7615,research_type,philosophical_paper
7615,evaluation_strategy,none
7615,human_role,not_specified
7615,venue_type,preprint
7616,loop_mechanism,self_evolution
7616,contribution_type,model
7616,research_type,philosophical_paper
7616,evaluation_strategy,none
7616,human_role,not_specified
7616,venue_type,preprint
7619,loop_mechanism,self_evolution
7619,contribution_type,metric
7619,research_type,validation_research
7619,evaluation_strategy,benchmark
7619,human_role,fully_autonomous
7619,venue_type,preprint
7628,loop_mechanism,loop_evaluation_and_diagnosis
7628,contribution_type,metric
7628,research_type,validation_research
7628,evaluation_strategy,controlled_experiment
7628,human_role,fully_autonomous
7628,venue_type,preprint
7649,loop_mechanism,self_evolution
7649,contribution_type,method
7649,research_type,validation_research
7649,evaluation_strategy,benchmark
7649,human_role,fully_autonomous
7649,venue_type,conference
7651,loop_mechanism,self_evolution
7651,contribution_type,method
7651,research_type,validation_research
7651,evaluation_strategy,benchmark
7651,human_role,fully_autonomous
7651,venue_type,preprint
7672,loop_mechanism,self_evolution
7672,contribution_type,method
7672,research_type,validation_research
7672,evaluation_strategy,benchmark
7672,human_role,fully_autonomous
7672,venue_type,conference
7680,loop_mechanism,multi_agent_coordination
7680,contribution_type,method
7680,research_type,validation_research
7680,evaluation_strategy,benchmark
7680,human_role,fully_autonomous
7680,venue_type,preprint
7689,loop_mechanism,memory_and_context_management
7689,contribution_type,method
7689,research_type,validation_research
7689,evaluation_strategy,benchmark
7689,human_role,fully_autonomous
7689,venue_type,preprint
7702,loop_mechanism,loop_evaluation_and_diagnosis
7702,contribution_type,tool
7702,research_type,validation_research
7702,evaluation_strategy,benchmark
7702,human_role,fully_autonomous
7702,venue_type,conference
7703,loop_mechanism,loop_evaluation_and_diagnosis
7703,contribution_type,tool
7703,research_type,validation_research
7703,evaluation_strategy,benchmark
7703,human_role,fully_autonomous
7703,venue_type,preprint
7714,loop_mechanism,critique_and_revision
7714,contribution_type,method
7714,research_type,validation_research
7714,evaluation_strategy,benchmark
7714,human_role,fully_autonomous
7714,venue_type,preprint
7724,loop_mechanism,self_evolution
7724,contribution_type,method
7724,research_type,validation_research
7724,evaluation_strategy,benchmark
7724,human_role,fully_autonomous
7724,venue_type,preprint
7725,loop_mechanism,critique_and_revision
7725,contribution_type,method
7725,research_type,validation_research
7725,evaluation_strategy,benchmark
7725,human_role,fully_autonomous
7725,venue_type,preprint
7726,loop_mechanism,self_evolution
7726,contribution_type,method
7726,research_type,validation_research
7726,evaluation_strategy,benchmark
7726,human_role,fully_autonomous
7726,venue_type,preprint
7738,loop_mechanism,self_evolution
7738,contribution_type,method
7738,research_type,validation_research
7738,evaluation_strategy,benchmark
7738,human_role,fully_autonomous
7738,venue_type,preprint
7748,loop_mechanism,self_evolution
7748,contribution_type,method
7748,research_type,validation_research
7748,evaluation_strategy,benchmark
7748,human_role,fully_autonomous
7748,venue_type,preprint
7753,loop_mechanism,self_evolution
7753,contribution_type,method
7753,research_type,validation_research
7753,evaluation_strategy,benchmark
7753,human_role,fully_autonomous
7753,venue_type,preprint
7761,loop_mechanism,self_evolution
7761,contribution_type,method
7761,research_type,validation_research
7761,evaluation_strategy,benchmark
7761,human_role,fully_autonomous
7761,venue_type,preprint
7766,loop_mechanism,deliberative_search
7766,contribution_type,method
7766,research_type,validation_research
7766,evaluation_strategy,benchmark
7766,human_role,fully_autonomous
7766,venue_type,preprint
7769,loop_mechanism,deliberative_search
7769,contribution_type,method
7769,research_type,validation_research
7769,evaluation_strategy,benchmark
7769,human_role,fully_autonomous
7769,venue_type,conference
7795,loop_mechanism,self_evolution
7795,contribution_type,method
7795,research_type,validation_research
7795,evaluation_strategy,benchmark
7795,human_role,fully_autonomous
7795,venue_type,preprint
7822,loop_mechanism,planning_and_control_flow
7822,contribution_type,model
7822,research_type,philosophical_paper
7822,evaluation_strategy,none
7822,human_role,not_specified
7822,venue_type,journal
7834,loop_mechanism,self_evolution
7834,contribution_type,method
7834,research_type,validation_research
7834,evaluation_strategy,benchmark
7834,human_role,not_specified
7834,venue_type,conference
7863,loop_mechanism,critique_and_revision
7863,contribution_type,method
7863,research_type,validation_research
7863,evaluation_strategy,benchmark
7863,human_role,fully_autonomous
7863,venue_type,preprint
7914,loop_mechanism,deliberative_search
7914,contribution_type,method
7914,research_type,validation_research
7914,evaluation_strategy,benchmark
7914,human_role,fully_autonomous
7914,venue_type,preprint
7929,loop_mechanism,deliberative_search
7929,contribution_type,method
7929,research_type,validation_research
7929,evaluation_strategy,benchmark
7929,human_role,fully_autonomous
7929,venue_type,preprint
7933,loop_mechanism,deliberative_search
7933,contribution_type,method
7933,research_type,validation_research
7933,evaluation_strategy,benchmark
7933,human_role,fully_autonomous
7933,venue_type,preprint
7940,loop_mechanism,deliberative_search
7940,contribution_type,method
7940,research_type,validation_research
7940,evaluation_strategy,benchmark
7940,human_role,fully_autonomous
7940,venue_type,preprint
7941,loop_mechanism,deliberative_search
7941,contribution_type,method
7941,research_type,validation_research
7941,evaluation_strategy,benchmark
7941,human_role,fully_autonomous
7941,venue_type,preprint
7943,loop_mechanism,verification_and_gating
7943,contribution_type,method
7943,research_type,validation_research
7943,evaluation_strategy,controlled_experiment
7943,human_role,fully_autonomous
7943,venue_type,preprint
7954,loop_mechanism,deliberative_search
7954,contribution_type,method
7954,research_type,validation_research
7954,evaluation_strategy,benchmark
7954,human_role,fully_autonomous
7954,venue_type,preprint
7955,loop_mechanism,deliberative_search
7955,contribution_type,method
7955,research_type,validation_research
7955,evaluation_strategy,benchmark
7955,human_role,fully_autonomous
7955,venue_type,preprint
7961,loop_mechanism,deliberative_search
7961,contribution_type,method
7961,research_type,validation_research
7961,evaluation_strategy,controlled_experiment
7961,human_role,fully_autonomous
7961,venue_type,preprint
7965,loop_mechanism,deliberative_search
7965,contribution_type,method
7965,research_type,validation_research
7965,evaluation_strategy,benchmark
7965,human_role,fully_autonomous
7965,venue_type,preprint
7985,loop_mechanism,verification_and_gating
7985,contribution_type,method
7985,research_type,validation_research
7985,evaluation_strategy,benchmark
7985,human_role,fully_autonomous
7985,venue_type,preprint
7995,loop_mechanism,deliberative_search
7995,contribution_type,method
7995,research_type,validation_research
7995,evaluation_strategy,benchmark
7995,human_role,fully_autonomous
7995,venue_type,preprint
7999,loop_mechanism,deliberative_search
7999,contribution_type,method
7999,research_type,validation_research
7999,evaluation_strategy,benchmark
7999,human_role,fully_autonomous
7999,venue_type,preprint
8005,loop_mechanism,self_evolution
8005,contribution_type,method
8005,research_type,validation_research
8005,evaluation_strategy,benchmark
8005,human_role,fully_autonomous
8005,venue_type,preprint
8012,loop_mechanism,multi_agent_coordination
8012,contribution_type,method
8012,research_type,validation_research
8012,evaluation_strategy,benchmark
8012,human_role,fully_autonomous
8012,venue_type,preprint
8029,loop_mechanism,deliberative_search
8029,contribution_type,method
8029,research_type,validation_research
8029,evaluation_strategy,benchmark
8029,human_role,fully_autonomous
8029,venue_type,preprint
8034,loop_mechanism,loop_evaluation_and_diagnosis
8034,contribution_type,method
8034,research_type,validation_research
8034,evaluation_strategy,benchmark
8034,human_role,fully_autonomous
8034,venue_type,preprint
8038,loop_mechanism,deliberative_search
8038,contribution_type,method
8038,research_type,validation_research
8038,evaluation_strategy,benchmark
8038,human_role,fully_autonomous
8038,venue_type,conference
8051,loop_mechanism,deliberative_search
8051,contribution_type,method
8051,research_type,validation_research
8051,evaluation_strategy,controlled_experiment
8051,human_role,fully_autonomous
8051,venue_type,conference
8067,loop_mechanism,self_evolution
8067,contribution_type,method
8067,research_type,validation_research
8067,evaluation_strategy,benchmark
8067,human_role,fully_autonomous
8067,venue_type,preprint
8072,loop_mechanism,deliberative_search
8072,contribution_type,method
8072,research_type,validation_research
8072,evaluation_strategy,benchmark
8072,human_role,fully_autonomous
8072,venue_type,conference
8081,loop_mechanism,self_evolution
8081,contribution_type,method
8081,research_type,validation_research
8081,evaluation_strategy,benchmark
8081,human_role,fully_autonomous
8081,venue_type,preprint
8085,loop_mechanism,multi_agent_coordination
8085,contribution_type,method
8085,research_type,validation_research
8085,evaluation_strategy,controlled_experiment
8085,human_role,fully_autonomous
8085,venue_type,preprint
8099,loop_mechanism,planning_and_control_flow
8099,contribution_type,model
8099,research_type,validation_research
8099,evaluation_strategy,benchmark
8099,human_role,fully_autonomous
8099,venue_type,journal
8116,loop_mechanism,deliberative_search
8116,contribution_type,method
8116,research_type,validation_research
8116,evaluation_strategy,benchmark
8116,human_role,fully_autonomous
8116,venue_type,preprint
8133,loop_mechanism,deliberative_search
8133,contribution_type,method
8133,research_type,validation_research
8133,evaluation_strategy,benchmark
8133,human_role,fully_autonomous
8133,venue_type,preprint
8165,loop_mechanism,deliberative_search
8165,contribution_type,method
8165,research_type,validation_research
8165,evaluation_strategy,benchmark
8165,human_role,fully_autonomous
8165,venue_type,conference
8170,loop_mechanism,planning_and_control_flow
8170,contribution_type,model
8170,research_type,validation_research
8170,evaluation_strategy,benchmark
8170,human_role,fully_autonomous
8170,venue_type,preprint
8173,loop_mechanism,planning_and_control_flow
8173,contribution_type,method
8173,research_type,validation_research
8173,evaluation_strategy,benchmark
8173,human_role,fully_autonomous
8173,venue_type,preprint
8189,loop_mechanism,deliberative_search
8189,contribution_type,method
8189,research_type,validation_research
8189,evaluation_strategy,human_study
8189,human_role,human_in_the_loop
8189,venue_type,preprint
8191,loop_mechanism,deliberative_search
8191,contribution_type,method
8191,research_type,validation_research
8191,evaluation_strategy,benchmark
8191,human_role,fully_autonomous
8191,venue_type,conference
8193,loop_mechanism,deliberative_search
8193,contribution_type,method
8193,research_type,validation_research
8193,evaluation_strategy,benchmark
8193,human_role,fully_autonomous
8193,venue_type,conference
8204,loop_mechanism,deliberative_search
8204,contribution_type,method
8204,research_type,validation_research
8204,evaluation_strategy,benchmark
8204,human_role,fully_autonomous
8204,venue_type,conference
8205,loop_mechanism,deliberative_search
8205,contribution_type,method
8205,research_type,validation_research
8205,evaluation_strategy,benchmark
8205,human_role,fully_autonomous
8205,venue_type,conference
8212,loop_mechanism,planning_and_control_flow
8212,contribution_type,model
8212,research_type,validation_research
8212,evaluation_strategy,controlled_experiment
8212,human_role,fully_autonomous
8212,venue_type,preprint
8221,loop_mechanism,memory_and_context_management
8221,contribution_type,method
8221,research_type,validation_research
8221,evaluation_strategy,benchmark
8221,human_role,fully_autonomous
8221,venue_type,preprint
8230,loop_mechanism,planning_and_control_flow
8230,contribution_type,method
8230,research_type,validation_research
8230,evaluation_strategy,controlled_experiment
8230,human_role,fully_autonomous
8230,venue_type,preprint
8233,loop_mechanism,verification_and_gating
8233,contribution_type,model
8233,research_type,solution_proposal
8233,evaluation_strategy,none
8233,human_role,human_in_the_loop
8233,venue_type,preprint
8249,loop_mechanism,verification_and_gating
8249,contribution_type,model
8249,research_type,philosophical_paper
8249,evaluation_strategy,case_study
8249,human_role,not_specified
8249,venue_type,preprint
8255,loop_mechanism,verification_and_gating
8255,contribution_type,method
8255,research_type,validation_research
8255,evaluation_strategy,benchmark
8255,human_role,human_in_the_loop
8255,venue_type,preprint
8262,loop_mechanism,verification_and_gating
8262,contribution_type,metric
8262,research_type,validation_research
8262,evaluation_strategy,benchmark
8262,human_role,not_specified
8262,venue_type,preprint
8275,loop_mechanism,planning_and_control_flow
8275,contribution_type,tool
8275,research_type,evaluation_research
8275,evaluation_strategy,case_study
8275,human_role,human_in_the_loop
8275,venue_type,preprint
8281,loop_mechanism,verification_and_gating
8281,contribution_type,tool
8281,research_type,validation_research
8281,evaluation_strategy,human_study
8281,human_role,human_in_the_loop
8281,venue_type,preprint
8282,loop_mechanism,loop_evaluation_and_diagnosis
8282,contribution_type,metric
8282,research_type,solution_proposal
8282,evaluation_strategy,illustrative_example
8282,human_role,not_specified
8282,venue_type,preprint
8284,loop_mechanism,verification_and_gating
8284,contribution_type,process
8284,research_type,solution_proposal
8284,evaluation_strategy,illustrative_example
8284,human_role,human_in_the_loop
8284,venue_type,preprint
8294,loop_mechanism,verification_and_gating
8294,contribution_type,model
8294,research_type,philosophical_paper
8294,evaluation_strategy,illustrative_example
8294,human_role,human_on_the_loop
8294,venue_type,preprint
8302,loop_mechanism,verification_and_gating
8302,contribution_type,tool
8302,research_type,validation_research
8302,evaluation_strategy,human_study
8302,human_role,human_in_the_loop
8302,venue_type,preprint
8312,loop_mechanism,verification_and_gating
8312,contribution_type,model
8312,research_type,validation_research
8312,evaluation_strategy,human_study
8312,human_role,human_on_the_loop
8312,venue_type,preprint
8326,loop_mechanism,deliberative_search
8326,contribution_type,method
8326,research_type,validation_research
8326,evaluation_strategy,controlled_experiment
8326,human_role,human_in_the_loop
8326,venue_type,preprint
8336,loop_mechanism,loop_evaluation_and_diagnosis
8336,contribution_type,metric
8336,research_type,validation_research
8336,evaluation_strategy,benchmark
8336,human_role,human_in_the_loop
8336,venue_type,preprint
8340,loop_mechanism,verification_and_gating
8340,contribution_type,process
8340,research_type,solution_proposal
8340,evaluation_strategy,illustrative_example
8340,human_role,human_on_the_loop
8340,venue_type,preprint
8344,loop_mechanism,loop_evaluation_and_diagnosis
8344,contribution_type,process
8344,research_type,validation_research
8344,evaluation_strategy,benchmark
8344,human_role,human_in_the_loop
8344,venue_type,preprint
8353,loop_mechanism,verification_and_gating
8353,contribution_type,method
8353,research_type,validation_research
8353,evaluation_strategy,benchmark
8353,human_role,fully_autonomous
8353,venue_type,preprint
8361,loop_mechanism,verification_and_gating
8361,contribution_type,process
8361,research_type,validation_research
8361,evaluation_strategy,controlled_experiment
8361,human_role,human_in_the_loop
8361,venue_type,preprint
8363,loop_mechanism,verification_and_gating
8363,contribution_type,method
8363,research_type,validation_research
8363,evaluation_strategy,controlled_experiment
8363,human_role,human_on_the_loop
8363,venue_type,preprint
8398,loop_mechanism,verification_and_gating
8398,contribution_type,process
8398,research_type,solution_proposal
8398,evaluation_strategy,none
8398,human_role,human_in_the_loop
8398,venue_type,preprint
8406,loop_mechanism,loop_evaluation_and_diagnosis
8406,contribution_type,metric
8406,research_type,solution_proposal
8406,evaluation_strategy,illustrative_example
8406,human_role,human_in_the_loop
8406,venue_type,preprint
8407,loop_mechanism,deliberative_search
8407,contribution_type,method
8407,research_type,validation_research
8407,evaluation_strategy,controlled_experiment
8407,human_role,human_in_the_loop
8407,venue_type,preprint
8412,loop_mechanism,multi_agent_coordination
8412,contribution_type,model
8412,research_type,validation_research
8412,evaluation_strategy,benchmark
8412,human_role,fully_autonomous
8412,venue_type,preprint
8437,loop_mechanism,multi_agent_coordination
8437,contribution_type,model
8437,research_type,philosophical_paper
8437,evaluation_strategy,none
8437,human_role,human_in_the_loop
8437,venue_type,journal
8493,loop_mechanism,verification_and_gating
8493,contribution_type,tool
8493,research_type,validation_research
8493,evaluation_strategy,human_study
8493,human_role,human_in_the_loop
8493,venue_type,preprint
8518,loop_mechanism,verification_and_gating
8518,contribution_type,tool
8518,research_type,validation_research
8518,evaluation_strategy,case_study
8518,human_role,human_in_the_loop
8518,venue_type,preprint
8528,loop_mechanism,verification_and_gating
8528,contribution_type,process
8528,research_type,validation_research
8528,evaluation_strategy,controlled_experiment
8528,human_role,human_in_the_loop
8528,venue_type,preprint
8569,loop_mechanism,verification_and_gating
8569,contribution_type,process
8569,research_type,validation_research
8569,evaluation_strategy,human_study
8569,human_role,human_in_the_loop
8569,venue_type,preprint
8613,loop_mechanism,verification_and_gating
8613,contribution_type,model
8613,research_type,solution_proposal
8613,evaluation_strategy,none
8613,human_role,human_in_the_loop
8613,venue_type,journal
8624,loop_mechanism,loop_evaluation_and_diagnosis
8624,contribution_type,tool
8624,research_type,validation_research
8624,evaluation_strategy,benchmark
8624,human_role,fully_autonomous
8624,venue_type,preprint
8625,loop_mechanism,loop_evaluation_and_diagnosis
8625,contribution_type,model
8625,research_type,evaluation_research
8625,evaluation_strategy,case_study
8625,human_role,human_on_the_loop
8625,venue_type,preprint
8628,loop_mechanism,loop_evaluation_and_diagnosis
8628,contribution_type,model
8628,research_type,philosophical_paper
8628,evaluation_strategy,case_study
8628,human_role,human_on_the_loop
8628,venue_type,preprint
8701,loop_mechanism,loop_evaluation_and_diagnosis
8701,contribution_type,model
8701,research_type,evaluation_research
8701,evaluation_strategy,case_study
8701,human_role,human_on_the_loop
8701,venue_type,preprint
8712,loop_mechanism,planning_and_control_flow
8712,contribution_type,process
8712,research_type,validation_research
8712,evaluation_strategy,case_study
8712,human_role,human_on_the_loop
8712,venue_type,preprint
8716,loop_mechanism,planning_and_control_flow
8716,contribution_type,model
8716,research_type,validation_research
8716,evaluation_strategy,ablation
8716,human_role,human_in_the_loop
8716,venue_type,journal
8724,loop_mechanism,deliberative_search
8724,contribution_type,method
8724,research_type,validation_research
8724,evaluation_strategy,controlled_experiment
8724,human_role,fully_autonomous
8724,venue_type,journal
8726,loop_mechanism,verification_and_gating
8726,contribution_type,process
8726,research_type,opinion_paper
8726,evaluation_strategy,case_study
8726,human_role,human_on_the_loop
8726,venue_type,journal
8729,loop_mechanism,loop_evaluation_and_diagnosis
8729,contribution_type,model
8729,research_type,philosophical_paper
8729,evaluation_strategy,illustrative_example
8729,human_role,not_specified
8729,venue_type,preprint
8737,loop_mechanism,loop_evaluation_and_diagnosis
8737,contribution_type,model
8737,research_type,philosophical_paper
8737,evaluation_strategy,illustrative_example
8737,human_role,not_specified
8737,venue_type,preprint
8739,loop_mechanism,verification_and_gating
8739,contribution_type,process
8739,research_type,solution_proposal
8739,evaluation_strategy,case_study
8739,human_role,human_on_the_loop
8739,venue_type,journal
8746,loop_mechanism,memory_and_context_management
8746,contribution_type,method
8746,research_type,solution_proposal
8746,evaluation_strategy,case_study
8746,human_role,not_specified
8746,venue_type,preprint
8844,loop_mechanism,critique_and_revision
8844,contribution_type,method
8844,research_type,validation_research
8844,evaluation_strategy,benchmark
8844,human_role,fully_autonomous
8844,venue_type,journal
8845,loop_mechanism,multi_agent_coordination
8845,contribution_type,model
8845,research_type,validation_research
8845,evaluation_strategy,controlled_experiment
8845,human_role,fully_autonomous
8845,venue_type,journal
8847,loop_mechanism,critique_and_revision
8847,contribution_type,method
8847,research_type,validation_research
8847,evaluation_strategy,benchmark
8847,human_role,fully_autonomous
8847,venue_type,workshop
8885,loop_mechanism,multi_agent_coordination
8885,contribution_type,model
8885,research_type,validation_research
8885,evaluation_strategy,controlled_experiment
8885,human_role,fully_autonomous
8885,venue_type,journal
8898,loop_mechanism,loop_evaluation_and_diagnosis
8898,contribution_type,model
8898,research_type,philosophical_paper
8898,evaluation_strategy,none
8898,human_role,not_specified
8898,venue_type,preprint
8916,loop_mechanism,verification_and_gating
8916,contribution_type,method
8916,research_type,solution_proposal
8916,evaluation_strategy,none
8916,human_role,not_specified
8916,venue_type,conference
8931,loop_mechanism,planning_and_control_flow
8931,contribution_type,model
8931,research_type,solution_proposal
8931,evaluation_strategy,none
8931,human_role,not_specified
8931,venue_type,journal
8932,loop_mechanism,multi_agent_coordination
8932,contribution_type,tool
8932,research_type,validation_research
8932,evaluation_strategy,controlled_experiment
8932,human_role,not_specified
8932,venue_type,journal
8944,loop_mechanism,verification_and_gating
8944,contribution_type,model
8944,research_type,solution_proposal
8944,evaluation_strategy,none
8944,human_role,fully_autonomous
8944,venue_type,conference
8971,loop_mechanism,multi_agent_coordination
8971,contribution_type,method
8971,research_type,validation_research
8971,evaluation_strategy,benchmark
8971,human_role,fully_autonomous
8971,venue_type,journal
9050,loop_mechanism,critique_and_revision
9050,contribution_type,method
9050,research_type,validation_research
9050,evaluation_strategy,benchmark
9050,human_role,fully_autonomous
9050,venue_type,conference
9076,loop_mechanism,deliberative_search
9076,contribution_type,method
9076,research_type,validation_research
9076,evaluation_strategy,benchmark
9076,human_role,fully_autonomous
9076,venue_type,journal
9083,loop_mechanism,critique_and_revision
9083,contribution_type,method
9083,research_type,validation_research
9083,evaluation_strategy,benchmark
9083,human_role,fully_autonomous
9083,venue_type,conference
9089,loop_mechanism,critique_and_revision
9089,contribution_type,method
9089,research_type,validation_research
9089,evaluation_strategy,benchmark
9089,human_role,not_specified
9089,venue_type,conference
9093,loop_mechanism,critique_and_revision
9093,contribution_type,method
9093,research_type,validation_research
9093,evaluation_strategy,controlled_experiment
9093,human_role,fully_autonomous
9093,venue_type,conference
9096,loop_mechanism,critique_and_revision
9096,contribution_type,method
9096,research_type,validation_research
9096,evaluation_strategy,benchmark
9096,human_role,fully_autonomous
9096,venue_type,journal
9117,loop_mechanism,critique_and_revision
9117,contribution_type,tool
9117,research_type,validation_research
9117,evaluation_strategy,benchmark
9117,human_role,not_specified
9117,venue_type,conference
9131,loop_mechanism,critique_and_revision
9131,contribution_type,method
9131,research_type,validation_research
9131,evaluation_strategy,benchmark
9131,human_role,fully_autonomous
9131,venue_type,conference
9170,loop_mechanism,loop_evaluation_and_diagnosis
9170,contribution_type,metric
9170,research_type,validation_research
9170,evaluation_strategy,benchmark
9170,human_role,not_specified
9170,venue_type,journal
9175,loop_mechanism,verification_and_gating
9175,contribution_type,method
9175,research_type,validation_research
9175,evaluation_strategy,benchmark
9175,human_role,fully_autonomous
9175,venue_type,workshop
9184,loop_mechanism,budget_and_termination_control
9184,contribution_type,model
9184,research_type,philosophical_paper
9184,evaluation_strategy,none
9184,human_role,not_specified
9184,venue_type,journal
9197,loop_mechanism,critique_and_revision
9197,contribution_type,model
9197,research_type,solution_proposal
9197,evaluation_strategy,none
9197,human_role,not_specified
9197,venue_type,journal
9214,loop_mechanism,verification_and_gating
9214,contribution_type,method
9214,research_type,validation_research
9214,evaluation_strategy,benchmark
9214,human_role,fully_autonomous
9214,venue_type,workshop
9242,loop_mechanism,deliberative_search
9242,contribution_type,method
9242,research_type,validation_research
9242,evaluation_strategy,benchmark
9242,human_role,fully_autonomous
9242,venue_type,journal
9263,loop_mechanism,verification_and_gating
9263,contribution_type,method
9263,research_type,validation_research
9263,evaluation_strategy,benchmark
9263,human_role,fully_autonomous
9263,venue_type,journal
9269,loop_mechanism,verification_and_gating
9269,contribution_type,method
9269,research_type,validation_research
9269,evaluation_strategy,benchmark
9269,human_role,fully_autonomous
9269,venue_type,conference
9426,loop_mechanism,critique_and_revision
9426,contribution_type,method
9426,research_type,validation_research
9426,evaluation_strategy,benchmark
9426,human_role,fully_autonomous
9426,venue_type,conference
9429,loop_mechanism,loop_evaluation_and_diagnosis
9429,contribution_type,metric
9429,research_type,validation_research
9429,evaluation_strategy,benchmark
9429,human_role,not_specified
9429,venue_type,conference
9460,loop_mechanism,loop_evaluation_and_diagnosis
9460,contribution_type,metric
9460,research_type,validation_research
9460,evaluation_strategy,controlled_experiment
9460,human_role,fully_autonomous
9460,venue_type,conference
9484,loop_mechanism,deliberative_search
9484,contribution_type,method
9484,research_type,validation_research
9484,evaluation_strategy,benchmark
9484,human_role,fully_autonomous
9484,venue_type,conference
9515,loop_mechanism,verification_and_gating
9515,contribution_type,method
9515,research_type,validation_research
9515,evaluation_strategy,benchmark
9515,human_role,fully_autonomous
9515,venue_type,journal
9531,loop_mechanism,verification_and_gating
9531,contribution_type,method
9531,research_type,validation_research
9531,evaluation_strategy,benchmark
9531,human_role,fully_autonomous
9531,venue_type,conference
9553,loop_mechanism,verification_and_gating
9553,contribution_type,method
9553,research_type,validation_research
9553,evaluation_strategy,benchmark
9553,human_role,fully_autonomous
9553,venue_type,conference
9614,loop_mechanism,multi_agent_coordination
9614,contribution_type,model
9614,research_type,validation_research
9614,evaluation_strategy,controlled_experiment
9614,human_role,human_on_the_loop
9614,venue_type,journal
9615,loop_mechanism,multi_agent_coordination
9615,contribution_type,tool
9615,research_type,validation_research
9615,evaluation_strategy,controlled_experiment
9615,human_role,fully_autonomous
9615,venue_type,journal
9616,loop_mechanism,critique_and_revision
9616,contribution_type,method
9616,research_type,validation_research
9616,evaluation_strategy,controlled_experiment
9616,human_role,fully_autonomous
9616,venue_type,journal
9650,loop_mechanism,verification_and_gating
9650,contribution_type,method
9650,research_type,validation_research
9650,evaluation_strategy,benchmark
9650,human_role,not_specified
9650,venue_type,conference
9662,loop_mechanism,memory_and_context_management
9662,contribution_type,tool
9662,research_type,validation_research
9662,evaluation_strategy,benchmark
9662,human_role,not_specified
9662,venue_type,journal
9840,loop_mechanism,multi_agent_coordination
9840,contribution_type,method
9840,research_type,validation_research
9840,evaluation_strategy,benchmark
9840,human_role,not_specified
9840,venue_type,conference
9845,loop_mechanism,multi_agent_coordination
9845,contribution_type,method
9845,research_type,validation_research
9845,evaluation_strategy,benchmark
9845,human_role,not_specified
9845,venue_type,conference
9850,loop_mechanism,loop_evaluation_and_diagnosis
9850,contribution_type,tool
9850,research_type,evaluation_research
9850,evaluation_strategy,case_study
9850,human_role,human_on_the_loop
9850,venue_type,journal
9855,loop_mechanism,multi_agent_coordination
9855,contribution_type,method
9855,research_type,validation_research
9855,evaluation_strategy,benchmark
9855,human_role,not_specified
9855,venue_type,workshop
9904,loop_mechanism,multi_agent_coordination
9904,contribution_type,model
9904,research_type,solution_proposal
9904,evaluation_strategy,illustrative_example
9904,human_role,not_specified
9904,venue_type,journal
9931,loop_mechanism,planning_and_control_flow
9931,contribution_type,method
9931,research_type,validation_research
9931,evaluation_strategy,benchmark
9931,human_role,not_specified
9931,venue_type,conference
9964,loop_mechanism,critique_and_revision
9964,contribution_type,tool
9964,research_type,validation_research
9964,evaluation_strategy,ablation
9964,human_role,fully_autonomous
9964,venue_type,journal
9969,loop_mechanism,multi_agent_coordination
9969,contribution_type,model
9969,research_type,solution_proposal
9969,evaluation_strategy,illustrative_example
9969,human_role,human_in_the_loop
9969,venue_type,journal
10029,loop_mechanism,multi_agent_coordination
10029,contribution_type,method
10029,research_type,validation_research
10029,evaluation_strategy,benchmark
10029,human_role,fully_autonomous
10029,venue_type,journal
10074,loop_mechanism,loop_evaluation_and_diagnosis
10074,contribution_type,metric
10074,research_type,evaluation_research
10074,evaluation_strategy,controlled_experiment
10074,human_role,fully_autonomous
10074,venue_type,journal
10096,loop_mechanism,planning_and_control_flow
10096,contribution_type,method
10096,research_type,validation_research
10096,evaluation_strategy,human_study
10096,human_role,human_in_the_loop
10096,venue_type,conference
10122,loop_mechanism,verification_and_gating
10122,contribution_type,tool
10122,research_type,validation_research
10122,evaluation_strategy,controlled_experiment
10122,human_role,fully_autonomous
10122,venue_type,journal
10136,loop_mechanism,loop_evaluation_and_diagnosis
10136,contribution_type,metric
10136,research_type,validation_research
10136,evaluation_strategy,controlled_experiment
10136,human_role,fully_autonomous
10136,venue_type,journal
10271,loop_mechanism,critique_and_revision
10271,contribution_type,method
10271,research_type,validation_research
10271,evaluation_strategy,benchmark
10271,human_role,not_specified
10271,venue_type,journal
10274,loop_mechanism,critique_and_revision
10274,contribution_type,method
10274,research_type,validation_research
10274,evaluation_strategy,benchmark
10274,human_role,not_specified
10274,venue_type,conference
10276,loop_mechanism,self_evolution
10276,contribution_type,model
10276,research_type,philosophical_paper
10276,evaluation_strategy,none
10276,human_role,fully_autonomous
10276,venue_type,journal
10277,loop_mechanism,self_evolution
10277,contribution_type,method
10277,research_type,validation_research
10277,evaluation_strategy,benchmark
10277,human_role,not_specified
10277,venue_type,conference
10311,loop_mechanism,deliberative_search
10311,contribution_type,model
10311,research_type,solution_proposal
10311,evaluation_strategy,none
10311,human_role,not_specified
10311,venue_type,journal
10326,loop_mechanism,deliberative_search
10326,contribution_type,model
10326,research_type,solution_proposal
10326,evaluation_strategy,none
10326,human_role,not_specified
10326,venue_type,journal
10351,loop_mechanism,deliberative_search
10351,contribution_type,method
10351,research_type,validation_research
10351,evaluation_strategy,benchmark
10351,human_role,fully_autonomous
10351,venue_type,journal
10374,loop_mechanism,verification_and_gating
10374,contribution_type,model
10374,research_type,solution_proposal
10374,evaluation_strategy,none
10374,human_role,human_in_the_loop
10374,venue_type,journal
10432,loop_mechanism,planning_and_control_flow
10432,contribution_type,model
10432,research_type,validation_research
10432,evaluation_strategy,benchmark
10432,human_role,not_specified
10432,venue_type,journal
10547,loop_mechanism,critique_and_revision
10547,contribution_type,method
10547,research_type,validation_research
10547,evaluation_strategy,case_study
10547,human_role,not_specified
10547,venue_type,conference
10564,loop_mechanism,verification_and_gating
10564,contribution_type,method
10564,research_type,solution_proposal
10564,evaluation_strategy,none
10564,human_role,human_in_the_loop
10564,venue_type,preprint
10565,loop_mechanism,loop_evaluation_and_diagnosis
10565,contribution_type,model
10565,research_type,validation_research
10565,evaluation_strategy,case_study
10565,human_role,not_specified
10565,venue_type,preprint
10647,loop_mechanism,self_evolution
10647,contribution_type,method
10647,research_type,validation_research
10647,evaluation_strategy,benchmark
10647,human_role,fully_autonomous
10647,venue_type,conference
10652,loop_mechanism,loop_evaluation_and_diagnosis
10652,contribution_type,tool
10652,research_type,validation_research
10652,evaluation_strategy,benchmark
10652,human_role,fully_autonomous
10652,venue_type,conference
10696,loop_mechanism,multi_agent_coordination
10696,contribution_type,tool
10696,research_type,validation_research
10696,evaluation_strategy,benchmark
10696,human_role,fully_autonomous
10696,venue_type,conference
10699,loop_mechanism,self_evolution
10699,contribution_type,method
10699,research_type,validation_research
10699,evaluation_strategy,benchmark
10699,human_role,fully_autonomous
10699,venue_type,conference
10712,loop_mechanism,planning_and_control_flow
10712,contribution_type,method
10712,research_type,validation_research
10712,evaluation_strategy,benchmark
10712,human_role,fully_autonomous
10712,venue_type,conference
10720,loop_mechanism,loop_evaluation_and_diagnosis
10720,contribution_type,tool
10720,research_type,validation_research
10720,evaluation_strategy,benchmark
10720,human_role,not_specified
10720,venue_type,conference
10761,loop_mechanism,critique_and_revision
10761,contribution_type,method
10761,research_type,validation_research
10761,evaluation_strategy,benchmark
10761,human_role,fully_autonomous
10761,venue_type,conference
10769,loop_mechanism,critique_and_revision
10769,contribution_type,method
10769,research_type,validation_research
10769,evaluation_strategy,benchmark
10769,human_role,fully_autonomous
10769,venue_type,conference
10770,loop_mechanism,verification_and_gating
10770,contribution_type,method
10770,research_type,validation_research
10770,evaluation_strategy,benchmark
10770,human_role,fully_autonomous
10770,venue_type,conference
10773,loop_mechanism,critique_and_revision
10773,contribution_type,method
10773,research_type,validation_research
10773,evaluation_strategy,benchmark
10773,human_role,fully_autonomous
10773,venue_type,conference
10775,loop_mechanism,loop_evaluation_and_diagnosis
10775,contribution_type,tool
10775,research_type,validation_research
10775,evaluation_strategy,benchmark
10775,human_role,fully_autonomous
10775,venue_type,conference
10779,loop_mechanism,critique_and_revision
10779,contribution_type,model
10779,research_type,validation_research
10779,evaluation_strategy,benchmark
10779,human_role,fully_autonomous
10779,venue_type,conference
10781,loop_mechanism,critique_and_revision
10781,contribution_type,model
10781,research_type,validation_research
10781,evaluation_strategy,benchmark
10781,human_role,fully_autonomous
10781,venue_type,conference
10782,loop_mechanism,critique_and_revision
10782,contribution_type,method
10782,research_type,validation_research
10782,evaluation_strategy,human_study
10782,human_role,fully_autonomous
10782,venue_type,conference
10785,loop_mechanism,loop_evaluation_and_diagnosis
10785,contribution_type,tool
10785,research_type,validation_research
10785,evaluation_strategy,benchmark
10785,human_role,not_specified
10785,venue_type,conference
10786,loop_mechanism,deliberative_search
10786,contribution_type,method
10786,research_type,validation_research
10786,evaluation_strategy,benchmark
10786,human_role,fully_autonomous
10786,venue_type,conference
10805,loop_mechanism,memory_and_context_management
10805,contribution_type,method
10805,research_type,validation_research
10805,evaluation_strategy,benchmark
10805,human_role,fully_autonomous
10805,venue_type,conference
10848,loop_mechanism,verification_and_gating
10848,contribution_type,method
10848,research_type,validation_research
10848,evaluation_strategy,benchmark
10848,human_role,not_specified
10848,venue_type,conference
10855,loop_mechanism,budget_and_termination_control
10855,contribution_type,method
10855,research_type,validation_research
10855,evaluation_strategy,benchmark
10855,human_role,fully_autonomous
10855,venue_type,conference
10858,loop_mechanism,critique_and_revision
10858,contribution_type,model
10858,research_type,validation_research
10858,evaluation_strategy,benchmark
10858,human_role,fully_autonomous
10858,venue_type,conference
10913,loop_mechanism,self_evolution
10913,contribution_type,method
10913,research_type,validation_research
10913,evaluation_strategy,benchmark
10913,human_role,fully_autonomous
10913,venue_type,conference
